Id	Label
0	O
1	O
2	O
3	O
4	O
5	O
6	O
7	O
8	O
9	O
10	O
11	O
12	O
13	O
14	O
15	O
16	O
17	O
18	O
19	O
20	O
21	O
22	O
23	O
24	O
25	O
26	O
27	O
28	O
29	O
30	O
31	O
32	O
33	O
34	O
35	O
36	O
37	O
38	O
39	O
40	O
41	O
42	O
43	O
44	O
45	O
46	O
47	O
48	O
49	O
50	O
51	O
52	O
53	O
54	O
55	O
56	O
57	O
58	O
59	O
60	O
61	O
62	O
63	O
64	O
65	O
66	O
67	O
68	O
69	O
70	O
71	O
72	O
73	O
74	O
75	O
76	O
77	O
78	O
79	O
80	O
81	O
82	O
83	O
84	O
85	O
86	O
87	O
88	O
89	O
90	O
91	O
92	O
93	O
94	O
95	O
96	O
97	O
98	O
99	O
100	O
101	O
102	O
103	O
104	O
105	O
106	O
107	O
108	O
109	O
110	O
111	O
112	O
113	O
114	O
115	O
116	O
117	O
118	O
119	O
120	O
121	O
122	O
123	O
124	O
125	O
126	O
127	O
128	O
129	O
130	O
131	O
132	O
133	O
134	O
135	O
136	O
137	O
138	O
139	O
140	O
141	O
142	O
143	O
144	O
145	O
146	O
147	O
148	O
149	O
150	O
151	O
152	O
153	O
154	O
155	O
156	O
157	O
158	O
159	O
160	O
161	O
162	O
163	O
164	O
165	O
166	O
167	O
168	O
169	O
170	O
171	O
172	O
173	O
174	O
175	O
176	O
177	O
178	O
179	O
180	O
181	O
182	O
183	O
184	O
185	O
186	O
187	O
188	O
189	O
190	O
191	O
192	O
193	O
194	O
195	O
196	O
197	O
198	O
199	O
200	O
201	O
202	O
203	O
204	O
205	O
206	O
207	O
208	O
209	O
210	O
211	O
212	O
213	O
214	O
215	O
216	O
217	O
218	O
219	O
220	O
221	O
222	O
223	O
224	O
225	O
226	O
227	O
228	O
229	O
230	O
231	O
232	O
233	O
234	O
235	O
236	O
237	O
238	O
239	O
240	O
241	O
242	O
243	O
244	O
245	O
246	O
247	O
248	O
249	O
250	O
251	O
252	O
253	O
254	O
255	O
256	O
257	O
258	O
259	O
260	O
261	O
262	O
263	O
264	O
265	O
266	O
267	O
268	O
269	O
270	O
271	O
272	O
273	O
274	O
275	O
276	O
277	O
278	O
279	O
280	O
281	O
282	O
283	O
284	O
285	O
286	O
287	O
288	O
289	O
290	O
291	O
292	O
293	O
294	O
295	O
296	O
297	O
298	O
299	O
300	O
301	O
302	O
303	O
304	O
305	O
306	O
307	O
308	O
309	O
310	O
311	O
312	O
313	O
314	O
315	O
316	O
317	O
318	O
319	O
320	O
321	O
322	O
323	O
324	O
325	O
326	O
327	O
328	O
329	O
330	O
331	O
332	O
333	O
334	O
335	O
336	O
337	O
338	O
339	O
340	O
341	O
342	O
343	O
344	O
345	O
346	O
347	O
348	O
349	O
350	O
351	O
352	O
353	O
354	O
355	O
356	O
357	O
358	O
359	O
360	O
361	O
362	O
363	O
364	O
365	O
366	O
367	O
368	O
369	O
370	O
371	O
372	O
373	O
374	O
375	O
376	O
377	O
378	O
379	O
380	O
381	O
382	O
383	O
384	O
385	O
386	O
387	O
388	O
389	O
390	O
391	O
392	O
393	O
394	O
395	O
396	O
397	O
398	O
399	O
400	O
401	O
402	O
403	O
404	O
405	O
406	O
407	O
408	O
409	O
410	O
411	O
412	O
413	O
414	O
415	O
416	O
417	O
418	O
419	O
420	O
421	O
422	O
423	O
424	O
425	O
426	O
427	O
428	O
429	O
430	O
431	O
432	O
433	O
434	O
435	O
436	O
437	O
438	O
439	O
440	O
441	O
442	O
443	O
444	O
445	O
446	O
447	O
448	O
449	O
450	O
451	O
452	O
453	O
454	O
455	O
456	O
457	O
458	O
459	O
460	O
461	O
462	O
463	O
464	O
465	O
466	O
467	O
468	O
469	O
470	O
471	O
472	O
473	O
474	O
475	O
476	O
477	O
478	O
479	O
480	O
481	O
482	O
483	O
484	O
485	O
486	O
487	O
488	O
489	O
490	O
491	O
492	O
493	O
494	O
495	O
496	O
497	O
498	O
499	O
500	O
501	O
502	O
503	O
504	O
505	O
506	O
507	O
508	O
509	O
510	O
511	O
512	O
513	O
514	O
515	O
516	O
517	O
518	O
519	O
520	O
521	O
522	O
523	O
524	O
525	O
526	O
527	O
528	O
529	O
530	O
531	O
532	O
533	O
534	O
535	O
536	O
537	O
538	O
539	O
540	O
541	O
542	O
543	O
544	O
545	O
546	O
547	O
548	O
549	O
550	O
551	O
552	O
553	O
554	O
555	O
556	O
557	O
558	O
559	O
560	O
561	O
562	O
563	O
564	O
565	O
566	O
567	O
568	O
569	O
570	O
571	O
572	O
573	O
574	O
575	O
576	O
577	O
578	O
579	O
580	O
581	O
582	O
583	O
584	O
585	O
586	O
587	O
588	O
589	O
590	O
591	O
592	O
593	O
594	O
595	O
596	O
597	O
598	O
599	O
600	O
601	O
602	O
603	O
604	O
605	O
606	O
607	O
608	O
609	O
610	O
611	O
612	O
613	O
614	O
615	O
616	O
617	O
618	O
619	O
620	O
621	O
622	O
623	O
624	O
625	O
626	O
627	O
628	O
629	O
630	O
631	O
632	O
633	O
634	O
635	O
636	O
637	O
638	O
639	O
640	O
641	O
642	O
643	O
644	O
645	O
646	O
647	O
648	O
649	O
650	O
651	O
652	O
653	O
654	O
655	O
656	O
657	O
658	O
659	O
660	O
661	O
662	O
663	O
664	O
665	O
666	O
667	O
668	O
669	O
670	O
671	O
672	O
673	O
674	O
675	O
676	O
677	O
678	O
679	O
680	O
681	O
682	O
683	O
684	O
685	O
686	O
687	O
688	O
689	O
690	O
691	O
692	O
693	O
694	O
695	O
696	O
697	O
698	O
699	O
700	O
701	O
702	O
703	O
704	O
705	O
706	O
707	O
708	O
709	O
710	O
711	O
712	O
713	O
714	O
715	O
716	O
717	O
718	O
719	O
720	O
721	O
722	O
723	O
724	O
725	O
726	O
727	O
728	O
729	O
730	O
731	O
732	O
733	O
734	O
735	O
736	O
737	O
738	O
739	O
740	O
741	O
742	O
743	O
744	O
745	O
746	O
747	O
748	O
749	O
750	O
751	O
752	O
753	O
754	O
755	O
756	O
757	O
758	O
759	O
760	O
761	O
762	O
763	O
764	O
765	O
766	O
767	O
768	O
769	O
770	O
771	O
772	O
773	O
774	O
775	O
776	O
777	O
778	O
779	O
780	O
781	O
782	O
783	O
784	O
785	O
786	O
787	O
788	O
789	O
790	O
791	O
792	O
793	O
794	O
795	O
796	O
797	O
798	O
799	O
800	O
801	O
802	O
803	O
804	O
805	O
806	O
807	O
808	O
809	O
810	O
811	O
812	O
813	O
814	O
815	O
816	O
817	O
818	O
819	O
820	O
821	O
822	O
823	O
824	O
825	O
826	O
827	O
828	O
829	O
830	O
831	O
832	O
833	O
834	O
835	O
836	O
837	O
838	O
839	O
840	O
841	O
842	O
843	O
844	O
845	O
846	O
847	O
848	O
849	O
850	O
851	O
852	O
853	O
854	O
855	O
856	O
857	O
858	O
859	O
860	O
861	O
862	O
863	O
864	O
865	O
866	O
867	O
868	O
869	O
870	O
871	O
872	O
873	O
874	O
875	O
876	O
877	O
878	O
879	O
880	O
881	O
882	O
883	O
884	O
885	O
886	O
887	O
888	O
889	O
890	O
891	O
892	O
893	O
894	O
895	O
896	O
897	O
898	O
899	O
900	O
901	O
902	O
903	O
904	O
905	O
906	O
907	O
908	O
909	O
910	O
911	O
912	O
913	O
914	O
915	O
916	O
917	O
918	O
919	O
920	O
921	O
922	O
923	O
924	O
925	O
926	O
927	O
928	O
929	O
930	O
931	O
932	O
933	O
934	O
935	O
936	O
937	O
938	O
939	O
940	O
941	O
942	O
943	O
944	O
945	O
946	O
947	O
948	O
949	O
950	O
951	O
952	O
953	O
954	O
955	O
956	O
957	O
958	O
959	O
960	O
961	O
962	O
963	O
964	O
965	O
966	O
967	O
968	O
969	O
970	O
971	O
972	O
973	O
974	O
975	O
976	O
977	O
978	O
979	O
980	O
981	O
982	O
983	O
984	O
985	O
986	O
987	O
988	O
989	O
990	O
991	O
992	O
993	O
994	O
995	O
996	O
997	O
998	O
999	O
1000	O
1001	O
1002	O
1003	O
1004	O
1005	O
1006	O
1007	O
1008	O
1009	O
1010	O
1011	O
1012	O
1013	O
1014	O
1015	O
1016	O
1017	O
1018	O
1019	O
1020	O
1021	O
1022	O
1023	O
1024	O
1025	O
1026	O
1027	O
1028	O
1029	O
1030	O
1031	O
1032	O
1033	O
1034	O
1035	O
1036	O
1037	O
1038	O
1039	O
1040	O
1041	O
1042	O
1043	O
1044	O
1045	O
1046	O
1047	O
1048	O
1049	O
1050	O
1051	O
1052	O
1053	O
1054	O
1055	O
1056	O
1057	O
1058	O
1059	O
1060	O
1061	O
1062	O
1063	O
1064	O
1065	O
1066	O
1067	O
1068	O
1069	O
1070	O
1071	O
1072	O
1073	O
1074	O
1075	O
1076	O
1077	O
1078	O
1079	O
1080	O
1081	O
1082	O
1083	O
1084	O
1085	O
1086	O
1087	O
1088	O
1089	O
1090	O
1091	O
1092	O
1093	O
1094	O
1095	O
1096	O
1097	O
1098	O
1099	O
1100	O
1101	O
1102	O
1103	O
1104	O
1105	O
1106	O
1107	O
1108	O
1109	O
1110	O
1111	O
1112	O
1113	O
1114	O
1115	O
1116	O
1117	O
1118	O
1119	O
1120	O
1121	O
1122	O
1123	O
1124	O
1125	O
1126	O
1127	O
1128	O
1129	O
1130	O
1131	O
1132	O
1133	O
1134	O
1135	O
1136	O
1137	O
1138	O
1139	O
1140	O
1141	O
1142	O
1143	O
1144	O
1145	O
1146	O
1147	O
1148	O
1149	O
1150	O
1151	O
1152	O
1153	O
1154	O
1155	O
1156	O
1157	O
1158	O
1159	O
1160	O
1161	O
1162	O
1163	O
1164	O
1165	O
1166	O
1167	O
1168	O
1169	O
1170	O
1171	O
1172	O
1173	O
1174	O
1175	O
1176	O
1177	O
1178	O
1179	O
1180	O
1181	O
1182	O
1183	O
1184	O
1185	O
1186	O
1187	O
1188	O
1189	O
1190	O
1191	O
1192	O
1193	O
1194	O
1195	O
1196	O
1197	O
1198	O
1199	O
1200	O
1201	O
1202	O
1203	O
1204	O
1205	O
1206	O
1207	O
1208	O
1209	O
1210	O
1211	O
1212	O
1213	O
1214	O
1215	O
1216	O
1217	O
1218	O
1219	O
1220	O
1221	O
1222	O
1223	O
1224	O
1225	O
1226	O
1227	O
1228	O
1229	O
1230	O
1231	O
1232	O
1233	O
1234	O
1235	O
1236	O
1237	O
1238	O
1239	O
1240	O
1241	O
1242	O
1243	O
1244	O
1245	O
1246	O
1247	O
1248	O
1249	O
1250	O
1251	O
1252	O
1253	O
1254	O
1255	O
1256	O
1257	O
1258	O
1259	O
1260	O
1261	O
1262	O
1263	O
1264	O
1265	O
1266	O
1267	O
1268	O
1269	O
1270	O
1271	O
1272	O
1273	O
1274	O
1275	O
1276	O
1277	O
1278	O
1279	O
1280	O
1281	O
1282	O
1283	O
1284	O
1285	O
1286	O
1287	O
1288	O
1289	O
1290	O
1291	O
1292	O
1293	O
1294	O
1295	O
1296	O
1297	O
1298	O
1299	O
1300	O
1301	O
1302	O
1303	O
1304	O
1305	O
1306	O
1307	O
1308	O
1309	O
1310	O
1311	O
1312	O
1313	O
1314	O
1315	O
1316	O
1317	O
1318	O
1319	O
1320	O
1321	O
1322	O
1323	O
1324	O
1325	O
1326	O
1327	O
1328	O
1329	O
1330	O
1331	O
1332	O
1333	O
1334	O
1335	O
1336	O
1337	O
1338	O
1339	O
1340	O
1341	O
1342	O
1343	O
1344	O
1345	O
1346	O
1347	O
1348	O
1349	O
1350	O
1351	O
1352	O
1353	O
1354	O
1355	O
1356	O
1357	O
1358	O
1359	O
1360	O
1361	O
1362	O
1363	O
1364	O
1365	O
1366	O
1367	O
1368	O
1369	O
1370	O
1371	O
1372	O
1373	O
1374	O
1375	O
1376	O
1377	O
1378	O
1379	O
1380	O
1381	O
1382	O
1383	O
1384	O
1385	O
1386	O
1387	O
1388	O
1389	O
1390	O
1391	O
1392	O
1393	O
1394	O
1395	O
1396	O
1397	O
1398	O
1399	O
1400	O
1401	O
1402	O
1403	O
1404	O
1405	O
1406	O
1407	O
1408	O
1409	O
1410	O
1411	O
1412	O
1413	O
1414	O
1415	O
1416	O
1417	O
1418	O
1419	O
1420	O
1421	O
1422	O
1423	O
1424	O
1425	O
1426	O
1427	O
1428	O
1429	O
1430	O
1431	O
1432	O
1433	O
1434	O
1435	O
1436	O
1437	O
1438	O
1439	O
1440	O
1441	O
1442	O
1443	O
1444	O
1445	O
1446	O
1447	O
1448	O
1449	O
1450	O
1451	O
1452	O
1453	O
1454	O
1455	O
1456	O
1457	O
1458	O
1459	O
1460	O
1461	O
1462	O
1463	O
1464	O
1465	O
1466	O
1467	O
1468	O
1469	O
1470	O
1471	O
1472	O
1473	O
1474	O
1475	O
1476	O
1477	O
1478	O
1479	O
1480	O
1481	O
1482	O
1483	O
1484	O
1485	O
1486	O
1487	O
1488	O
1489	O
1490	O
1491	O
1492	O
1493	O
1494	O
1495	O
1496	O
1497	O
1498	O
1499	O
1500	O
1501	O
1502	O
1503	O
1504	O
1505	O
1506	O
1507	O
1508	O
1509	O
1510	O
1511	O
1512	O
1513	O
1514	O
1515	O
1516	O
1517	O
1518	O
1519	O
1520	O
1521	O
1522	O
1523	O
1524	O
1525	O
1526	O
1527	O
1528	O
1529	O
1530	O
1531	O
1532	O
1533	O
1534	O
1535	O
1536	O
1537	O
1538	O
1539	O
1540	O
1541	O
1542	O
1543	O
1544	O
1545	O
1546	O
1547	O
1548	O
1549	O
1550	O
1551	O
1552	O
1553	O
1554	O
1555	O
1556	O
1557	O
1558	O
1559	O
1560	O
1561	O
1562	O
1563	O
1564	O
1565	O
1566	O
1567	O
1568	O
1569	O
1570	O
1571	O
1572	O
1573	O
1574	O
1575	O
1576	O
1577	O
1578	O
1579	O
1580	O
1581	O
1582	O
1583	O
1584	O
1585	O
1586	O
1587	O
1588	O
1589	O
1590	O
1591	O
1592	O
1593	O
1594	O
1595	O
1596	O
1597	O
1598	O
1599	O
1600	O
1601	O
1602	O
1603	O
1604	O
1605	O
1606	O
1607	O
1608	O
1609	O
1610	O
1611	O
1612	O
1613	O
1614	O
1615	O
1616	O
1617	O
1618	O
1619	O
1620	O
1621	O
1622	O
1623	O
1624	O
1625	O
1626	O
1627	O
1628	O
1629	O
1630	O
1631	O
1632	O
1633	O
1634	O
1635	O
1636	O
1637	O
1638	O
1639	O
1640	O
1641	O
1642	O
1643	O
1644	O
1645	O
1646	O
1647	O
1648	O
1649	O
1650	O
1651	O
1652	O
1653	O
1654	O
1655	O
1656	O
1657	O
1658	O
1659	O
1660	O
1661	O
1662	O
1663	O
1664	O
1665	O
1666	O
1667	O
1668	O
1669	O
1670	O
1671	O
1672	O
1673	O
1674	O
1675	O
1676	O
1677	O
1678	O
1679	O
1680	O
1681	O
1682	O
1683	O
1684	O
1685	O
1686	O
1687	O
1688	O
1689	O
1690	O
1691	O
1692	O
1693	O
1694	O
1695	O
1696	O
1697	O
1698	O
1699	O
1700	O
1701	O
1702	O
1703	O
1704	O
1705	O
1706	O
1707	O
1708	O
1709	O
1710	O
1711	O
1712	O
1713	O
1714	O
1715	O
1716	O
1717	O
1718	O
1719	O
1720	O
1721	O
1722	O
1723	O
1724	O
1725	O
1726	O
1727	O
1728	O
1729	O
1730	O
1731	O
1732	O
1733	O
1734	O
1735	O
1736	O
1737	O
1738	O
1739	O
1740	O
1741	O
1742	O
1743	O
1744	O
1745	O
1746	O
1747	O
1748	O
1749	O
1750	O
1751	O
1752	O
1753	O
1754	O
1755	O
1756	O
1757	O
1758	O
1759	O
1760	O
1761	O
1762	O
1763	O
1764	O
1765	O
1766	O
1767	O
1768	O
1769	O
1770	O
1771	O
1772	O
1773	O
1774	O
1775	O
1776	O
1777	O
1778	O
1779	O
1780	O
1781	O
1782	O
1783	O
1784	O
1785	O
1786	O
1787	O
1788	O
1789	O
1790	O
1791	O
1792	O
1793	O
1794	O
1795	O
1796	O
1797	O
1798	O
1799	O
1800	O
1801	O
1802	O
1803	O
1804	O
1805	O
1806	O
1807	O
1808	O
1809	O
1810	O
1811	O
1812	O
1813	O
1814	O
1815	O
1816	O
1817	O
1818	O
1819	O
1820	O
1821	O
1822	O
1823	O
1824	O
1825	O
1826	O
1827	O
1828	O
1829	O
1830	O
1831	O
1832	O
1833	O
1834	O
1835	O
1836	O
1837	O
1838	O
1839	O
1840	O
1841	O
1842	O
1843	O
1844	O
1845	O
1846	O
1847	O
1848	O
1849	O
1850	O
1851	O
1852	O
1853	O
1854	O
1855	O
1856	O
1857	O
1858	O
1859	O
1860	O
1861	O
1862	O
1863	O
1864	O
1865	O
1866	O
1867	O
1868	O
1869	O
1870	O
1871	O
1872	O
1873	O
1874	O
1875	O
1876	O
1877	O
1878	O
1879	O
1880	O
1881	O
1882	O
1883	O
1884	O
1885	O
1886	O
1887	O
1888	O
1889	O
1890	O
1891	O
1892	O
1893	O
1894	O
1895	O
1896	O
1897	O
1898	O
1899	O
1900	O
1901	O
1902	O
1903	O
1904	O
1905	O
1906	O
1907	O
1908	O
1909	O
1910	O
1911	O
1912	O
1913	O
1914	O
1915	O
1916	O
1917	O
1918	O
1919	O
1920	O
1921	O
1922	O
1923	O
1924	O
1925	O
1926	O
1927	O
1928	O
1929	O
1930	O
1931	O
1932	O
1933	O
1934	O
1935	O
1936	O
1937	O
1938	O
1939	O
1940	O
1941	O
1942	O
1943	O
1944	O
1945	O
1946	O
1947	O
1948	O
1949	O
1950	O
1951	O
1952	O
1953	O
1954	O
1955	O
1956	O
1957	O
1958	O
1959	O
1960	O
1961	O
1962	O
1963	O
1964	O
1965	O
1966	O
1967	O
1968	O
1969	O
1970	O
1971	O
1972	O
1973	O
1974	O
1975	O
1976	O
1977	O
1978	O
1979	O
1980	O
1981	O
1982	O
1983	O
1984	O
1985	O
1986	O
1987	O
1988	O
1989	O
1990	O
1991	O
1992	O
1993	O
1994	O
1995	O
1996	O
1997	O
1998	O
1999	O
2000	O
2001	O
2002	O
2003	O
2004	O
2005	O
2006	O
2007	O
2008	O
2009	O
2010	O
2011	O
2012	O
2013	O
2014	O
2015	O
2016	O
2017	O
2018	O
2019	O
2020	O
2021	O
2022	O
2023	O
2024	O
2025	O
2026	O
2027	O
2028	O
2029	O
2030	O
2031	O
2032	O
2033	O
2034	O
2035	O
2036	O
2037	O
2038	O
2039	O
2040	O
2041	O
2042	O
2043	O
2044	O
2045	O
2046	O
2047	O
2048	O
2049	O
2050	O
2051	O
2052	O
2053	O
2054	O
2055	O
2056	O
2057	O
2058	O
2059	O
2060	O
2061	O
2062	O
2063	O
2064	O
2065	O
2066	O
2067	O
2068	O
2069	O
2070	O
2071	O
2072	O
2073	O
2074	O
2075	O
2076	O
2077	O
2078	O
2079	O
2080	O
2081	O
2082	O
2083	O
2084	O
2085	O
2086	O
2087	O
2088	O
2089	O
2090	O
2091	O
2092	O
2093	O
2094	O
2095	O
2096	O
2097	O
2098	O
2099	O
2100	O
2101	O
2102	O
2103	O
2104	O
2105	O
2106	O
2107	O
2108	O
2109	O
2110	O
2111	O
2112	O
2113	O
2114	O
2115	O
2116	O
2117	O
2118	O
2119	O
2120	O
2121	O
2122	O
2123	O
2124	O
2125	O
2126	O
2127	O
2128	O
2129	O
2130	O
2131	O
2132	O
2133	O
2134	O
2135	O
2136	O
2137	O
2138	O
2139	O
2140	O
2141	O
2142	O
2143	O
2144	O
2145	O
2146	O
2147	O
2148	O
2149	O
2150	O
2151	O
2152	O
2153	O
2154	O
2155	O
2156	O
2157	O
2158	O
2159	O
2160	O
2161	O
2162	O
2163	O
2164	O
2165	O
2166	O
2167	O
2168	O
2169	O
2170	O
2171	O
2172	O
2173	O
2174	O
2175	O
2176	O
2177	O
2178	O
2179	O
2180	O
2181	O
2182	O
2183	O
2184	O
2185	O
2186	O
2187	O
2188	O
2189	O
2190	O
2191	O
2192	O
2193	O
2194	O
2195	O
2196	O
2197	O
2198	O
2199	O
2200	O
2201	O
2202	O
2203	O
2204	O
2205	O
2206	O
2207	O
2208	O
2209	O
2210	O
2211	O
2212	O
2213	O
2214	O
2215	O
2216	O
2217	O
2218	O
2219	O
2220	O
2221	O
2222	O
2223	O
2224	O
2225	O
2226	O
2227	O
2228	O
2229	O
2230	O
2231	O
2232	O
2233	O
2234	O
2235	O
2236	O
2237	O
2238	O
2239	O
2240	O
2241	O
2242	O
2243	O
2244	O
2245	O
2246	O
2247	O
2248	O
2249	O
2250	O
2251	O
2252	O
2253	O
2254	O
2255	O
2256	O
2257	O
2258	O
2259	O
2260	O
2261	O
2262	O
2263	O
2264	O
2265	O
2266	O
2267	O
2268	O
2269	O
2270	O
2271	O
2272	O
2273	O
2274	O
2275	O
2276	O
2277	O
2278	O
2279	O
2280	O
2281	O
2282	O
2283	O
2284	O
2285	O
2286	O
2287	O
2288	O
2289	O
2290	O
2291	O
2292	O
2293	O
2294	O
2295	O
2296	O
2297	O
2298	O
2299	O
2300	O
2301	O
2302	O
2303	O
2304	O
2305	O
2306	O
2307	O
2308	O
2309	O
2310	O
2311	O
2312	O
2313	O
2314	O
2315	O
2316	O
2317	O
2318	O
2319	O
2320	O
2321	O
2322	O
2323	O
2324	O
2325	O
2326	O
2327	O
2328	O
2329	O
2330	O
2331	O
2332	O
2333	O
2334	O
2335	O
2336	O
2337	O
2338	O
2339	O
2340	O
2341	O
2342	O
2343	O
2344	O
2345	O
2346	O
2347	O
2348	O
2349	O
2350	O
2351	O
2352	O
2353	O
2354	O
2355	O
2356	O
2357	O
2358	O
2359	O
2360	O
2361	O
2362	O
2363	O
2364	O
2365	O
2366	O
2367	O
2368	O
2369	O
2370	O
2371	O
2372	O
2373	O
2374	O
2375	O
2376	O
2377	O
2378	O
2379	O
2380	O
2381	O
2382	O
2383	O
2384	O
2385	O
2386	O
2387	O
2388	O
2389	O
2390	O
2391	O
2392	O
2393	O
2394	O
2395	O
2396	O
2397	O
2398	O
2399	O
2400	O
2401	O
2402	O
2403	O
2404	O
2405	O
2406	O
2407	O
2408	O
2409	O
2410	O
2411	O
2412	O
2413	O
2414	O
2415	O
2416	O
2417	O
2418	O
2419	O
2420	O
2421	O
2422	O
2423	O
2424	O
2425	O
2426	O
2427	O
2428	O
2429	O
2430	O
2431	O
2432	O
2433	O
2434	O
2435	O
2436	O
2437	O
2438	O
2439	O
2440	O
2441	O
2442	O
2443	O
2444	O
2445	O
2446	O
2447	O
2448	O
2449	O
2450	O
2451	O
2452	O
2453	O
2454	O
2455	O
2456	O
2457	O
2458	O
2459	O
2460	O
2461	O
2462	O
2463	O
2464	O
2465	O
2466	O
2467	O
2468	O
2469	O
2470	O
2471	O
2472	O
2473	O
2474	O
2475	O
2476	O
2477	O
2478	O
2479	O
2480	O
2481	O
2482	O
2483	O
2484	O
2485	O
2486	O
2487	O
2488	O
2489	O
2490	O
2491	O
2492	O
2493	O
2494	O
2495	O
2496	O
2497	O
2498	O
2499	O
2500	O
2501	O
2502	O
2503	O
2504	O
2505	O
2506	O
2507	O
2508	O
2509	O
2510	O
2511	O
2512	O
2513	O
2514	O
2515	O
2516	O
2517	O
2518	O
2519	O
2520	O
2521	O
2522	O
2523	O
2524	O
2525	O
2526	O
2527	O
2528	O
2529	O
2530	O
2531	O
2532	O
2533	O
2534	O
2535	O
2536	O
2537	O
2538	O
2539	O
2540	O
2541	O
2542	O
2543	O
2544	O
2545	O
2546	O
2547	O
2548	O
2549	O
2550	O
2551	O
2552	O
2553	O
2554	O
2555	O
2556	O
2557	O
2558	O
2559	O
2560	O
2561	O
2562	O
2563	O
2564	O
2565	O
2566	O
2567	O
2568	O
2569	O
2570	O
2571	O
2572	O
2573	O
2574	O
2575	O
2576	O
2577	O
2578	O
2579	O
2580	O
2581	O
2582	O
2583	O
2584	O
2585	O
2586	O
2587	O
2588	O
2589	O
2590	O
2591	O
2592	O
2593	O
2594	O
2595	O
2596	O
2597	O
2598	O
2599	O
2600	O
2601	O
2602	O
2603	O
2604	O
2605	O
2606	O
2607	O
2608	O
2609	O
2610	O
2611	O
2612	O
2613	O
2614	O
2615	O
2616	O
2617	O
2618	O
2619	O
2620	O
2621	O
2622	O
2623	O
2624	O
2625	O
2626	O
2627	O
2628	O
2629	O
2630	O
2631	O
2632	O
2633	O
2634	O
2635	O
2636	O
2637	O
2638	O
2639	O
2640	O
2641	O
2642	O
2643	O
2644	O
2645	O
2646	O
2647	O
2648	O
2649	O
2650	O
2651	O
2652	O
2653	O
2654	O
2655	O
2656	O
2657	O
2658	O
2659	O
2660	O
2661	O
2662	O
2663	O
2664	O
2665	O
2666	O
2667	O
2668	O
2669	O
2670	O
2671	O
2672	O
2673	O
2674	O
2675	O
2676	O
2677	O
2678	O
2679	O
2680	O
2681	O
2682	O
2683	O
2684	O
2685	O
2686	O
2687	O
2688	O
2689	O
2690	O
2691	O
2692	O
2693	O
2694	O
2695	O
2696	O
2697	O
2698	O
2699	O
2700	O
2701	O
2702	O
2703	O
2704	O
2705	O
2706	O
2707	O
2708	O
2709	O
2710	O
2711	O
2712	O
2713	O
2714	O
2715	O
2716	O
2717	O
2718	O
2719	O
2720	O
2721	O
2722	O
2723	O
2724	O
2725	O
2726	O
2727	O
2728	O
2729	O
2730	O
2731	O
2732	O
2733	O
2734	O
2735	O
2736	O
2737	O
2738	O
2739	O
2740	O
2741	O
2742	O
2743	O
2744	O
2745	O
2746	O
2747	O
2748	O
2749	O
2750	O
2751	O
2752	O
2753	O
2754	O
2755	O
2756	O
2757	O
2758	O
2759	O
2760	O
2761	O
2762	O
2763	O
2764	O
2765	O
2766	O
2767	O
2768	O
2769	O
2770	O
2771	O
2772	O
2773	O
2774	O
2775	O
2776	O
2777	O
2778	O
2779	O
2780	O
2781	O
2782	O
2783	O
2784	O
2785	O
2786	O
2787	O
2788	O
2789	O
2790	O
2791	O
2792	O
2793	O
2794	O
2795	O
2796	O
2797	O
2798	O
2799	O
2800	O
2801	O
2802	O
2803	O
2804	O
2805	O
2806	O
2807	O
2808	O
2809	O
2810	O
2811	O
2812	O
2813	O
2814	O
2815	O
2816	O
2817	O
2818	O
2819	O
2820	O
2821	O
2822	O
2823	O
2824	O
2825	O
2826	O
2827	O
2828	O
2829	O
2830	O
2831	O
2832	O
2833	O
2834	O
2835	O
2836	O
2837	O
2838	O
2839	O
2840	O
2841	O
2842	O
2843	O
2844	O
2845	O
2846	O
2847	O
2848	O
2849	O
2850	O
2851	O
2852	O
2853	O
2854	O
2855	O
2856	O
2857	O
2858	O
2859	O
2860	O
2861	O
2862	O
2863	O
2864	O
2865	O
2866	O
2867	O
2868	O
2869	O
2870	O
2871	O
2872	O
2873	O
2874	O
2875	O
2876	O
2877	O
2878	O
2879	O
2880	O
2881	O
2882	O
2883	O
2884	O
2885	O
2886	O
2887	O
2888	O
2889	O
2890	O
2891	O
2892	O
2893	O
2894	O
2895	O
2896	O
2897	O
2898	O
2899	O
2900	O
2901	O
2902	O
2903	O
2904	O
2905	O
2906	O
2907	O
2908	O
2909	O
2910	O
2911	O
2912	O
2913	O
2914	O
2915	O
2916	O
2917	O
2918	O
2919	O
2920	O
2921	O
2922	O
2923	O
2924	O
2925	O
2926	O
2927	O
2928	O
2929	O
2930	O
2931	O
2932	O
2933	O
2934	O
2935	O
2936	O
2937	O
2938	O
2939	O
2940	O
2941	O
2942	O
2943	O
2944	O
2945	O
2946	O
2947	O
2948	O
2949	O
2950	O
2951	O
2952	O
2953	O
2954	O
2955	O
2956	O
2957	O
2958	O
2959	O
2960	O
2961	O
2962	O
2963	O
2964	O
2965	O
2966	O
2967	O
2968	O
2969	O
2970	O
2971	O
2972	O
2973	O
2974	O
2975	O
2976	O
2977	O
2978	O
2979	O
2980	O
2981	O
2982	O
2983	O
2984	O
2985	O
2986	O
2987	O
2988	O
2989	O
2990	O
2991	O
2992	O
2993	O
2994	O
2995	O
2996	O
2997	O
2998	O
2999	O
3000	Zr
3001	Zr
3002	Zr
3003	Zr
3004	Zr
3005	Zr
3006	Zr
3007	Zr
3008	Zr
3009	Zr
3010	Zr
3011	Zr
3012	Zr
3013	Zr
3014	Zr
3015	Zr
3016	Zr
3017	Zr
3018	Zr
3019	Zr
3020	Zr
3021	Zr
3022	Zr
3023	Zr
3024	Zr
3025	Zr
3026	Zr
3027	Zr
3028	Zr
3029	Zr
3030	Zr
3031	Zr
3032	Zr
3033	Zr
3034	Zr
3035	Zr
3036	Zr
3037	Zr
3038	Zr
3039	Zr
3040	Zr
3041	Zr
3042	Zr
3043	Zr
3044	Zr
3045	Zr
3046	Zr
3047	Zr
3048	Zr
3049	Zr
3050	Zr
3051	Zr
3052	Zr
3053	Zr
3054	Zr
3055	Zr
3056	Zr
3057	Zr
3058	Zr
3059	Zr
3060	Zr
3061	Zr
3062	Zr
3063	Zr
3064	Zr
3065	Zr
3066	Zr
3067	Zr
3068	Zr
3069	Zr
3070	Zr
3071	Zr
3072	Zr
3073	Zr
3074	Zr
3075	Zr
3076	Zr
3077	Zr
3078	Zr
3079	Zr
3080	Zr
3081	Zr
3082	Zr
3083	Zr
3084	Zr
3085	Zr
3086	Zr
3087	Zr
3088	Zr
3089	Zr
3090	Zr
3091	Zr
3092	Zr
3093	Zr
3094	Zr
3095	Zr
3096	Zr
3097	Zr
3098	Zr
3099	Zr
3100	Zr
3101	Zr
3102	Zr
3103	Zr
3104	Zr
3105	Zr
3106	Zr
3107	Zr
3108	Zr
3109	Zr
3110	Zr
3111	Zr
3112	Zr
3113	Zr
3114	Zr
3115	Zr
3116	Zr
3117	Zr
3118	Zr
3119	Zr
3120	Zr
3121	Zr
3122	Zr
3123	Zr
3124	Zr
3125	Zr
3126	Zr
3127	Zr
3128	Zr
3129	Zr
3130	Zr
3131	Zr
3132	Zr
3133	Zr
3134	Zr
3135	Zr
3136	Zr
3137	Zr
3138	Zr
3139	Zr
3140	Zr
3141	Zr
3142	Zr
3143	Zr
3144	Zr
3145	Zr
3146	Zr
3147	Zr
3148	Zr
3149	Zr
3150	Zr
3151	Zr
3152	Zr
3153	Zr
3154	Zr
3155	Zr
3156	Zr
3157	Zr
3158	Zr
3159	Zr
3160	Zr
3161	Zr
3162	Zr
3163	Zr
3164	Zr
3165	Zr
3166	Zr
3167	Zr
3168	Zr
3169	Zr
3170	Zr
3171	Zr
3172	Zr
3173	Zr
3174	Zr
3175	Zr
3176	Zr
3177	Zr
3178	Zr
3179	Zr
3180	Zr
3181	Zr
3182	Zr
3183	Zr
3184	Zr
3185	Zr
3186	Zr
3187	Zr
3188	Zr
3189	Zr
3190	Zr
3191	Zr
3192	Zr
3193	Zr
3194	Zr
3195	Zr
3196	Zr
3197	Zr
3198	Zr
3199	Zr
3200	Zr
3201	Zr
3202	Zr
3203	Zr
3204	Zr
3205	Zr
3206	Zr
3207	Zr
3208	Zr
3209	Zr
3210	Zr
3211	Zr
3212	Zr
3213	Zr
3214	Zr
3215	Zr
3216	Zr
3217	Zr
3218	Zr
3219	Zr
3220	Zr
3221	Zr
3222	Zr
3223	Zr
3224	Zr
3225	Zr
3226	Zr
3227	Zr
3228	Zr
3229	Zr
3230	Zr
3231	Zr
3232	Zr
3233	Zr
3234	Zr
3235	Zr
3236	Zr
3237	Zr
3238	Zr
3239	Zr
3240	Zr
3241	Zr
3242	Zr
3243	Zr
3244	Zr
3245	Zr
3246	Zr
3247	Zr
3248	Zr
3249	Zr
3250	Q
3251	C
3252	C
3253	C
3254	C
3255	C
3256	C
3257	Si
3258	Q
3259	C
3260	C
3261	C
3262	C
3263	C
3264	C
3265	Si
3266	Q
3267	C
3268	C
3269	C
3270	C
3271	C
3272	C
3273	Si
3274	Q
3275	C
3276	C
3277	C
3278	C
3279	C
3280	C
3281	Si
3282	Q
3283	C
3284	C
3285	C
3286	C
3287	C
3288	C
3289	Si
3290	Q
3291	C
3292	C
3293	C
3294	C
3295	C
3296	C
3297	Si
3298	Q
3299	C
3300	C
3301	C
3302	C
3303	C
3304	C
3305	Si
3306	Q
3307	C
3308	C
3309	C
3310	C
3311	C
3312	C
3313	Si
3314	Q
3315	C
3316	C
3317	C
3318	C
3319	C
3320	C
3321	Si
3322	Q
3323	C
3324	C
3325	C
3326	C
3327	C
3328	C
3329	Si
3330	Q
3331	C
3332	C
3333	C
3334	C
3335	C
3336	C
3337	Si
3338	Q
3339	C
3340	C
3341	C
3342	C
3343	C
3344	C
3345	Si
3346	Q
3347	C
3348	C
3349	C
3350	C
3351	C
3352	C
3353	Si
3354	Q
3355	C
3356	C
3357	C
3358	C
3359	C
3360	C
3361	Si
3362	Q
3363	C
3364	C
3365	C
3366	C
3367	C
3368	C
3369	Si
3370	Q
3371	C
3372	C
3373	C
3374	C
3375	C
3376	C
3377	Si
3378	Q
3379	C
3380	C
3381	C
3382	C
3383	C
3384	C
3385	Si
3386	Q
3387	C
3388	C
3389	C
3390	C
3391	C
3392	C
3393	Si
3394	Q
3395	C
3396	C
3397	C
3398	C
3399	C
3400	C
3401	Si
3402	Q
3403	C
3404	C
3405	C
3406	C
3407	C
3408	C
3409	Si
3410	Q
3411	C
3412	C
3413	C
3414	C
3415	C
3416	C
3417	Si
3418	Q
3419	C
3420	C
3421	C
3422	C
3423	C
3424	C
3425	Si
3426	Q
3427	C
3428	C
3429	C
3430	C
3431	C
3432	C
3433	Si
3434	Q
3435	C
3436	C
3437	C
3438	C
3439	C
3440	C
3441	Si
3442	Q
3443	C
3444	C
3445	C
3446	C
3447	C
3448	C
3449	Si
3450	Q
3451	C
3452	C
3453	C
3454	C
3455	C
3456	C
3457	Si
3458	Q
3459	C
3460	C
3461	C
3462	C
3463	C
3464	C
3465	Si
3466	Q
3467	C
3468	C
3469	C
3470	C
3471	C
3472	C
3473	Si
3474	Q
3475	C
3476	C
3477	C
3478	C
3479	C
3480	C
3481	Si
3482	Q
3483	C
3484	C
3485	C
3486	C
3487	C
3488	C
3489	Si
3490	Q
3491	C
3492	C
3493	C
3494	C
3495	C
3496	C
3497	Si
3498	Q
3499	C
3500	C
3501	C
3502	C
3503	C
3504	C
3505	Si
3506	Q
3507	C
3508	C
3509	C
3510	C
3511	C
3512	C
3513	Si
3514	Q
3515	C
3516	C
3517	C
3518	C
3519	C
3520	C
3521	Si
3522	Q
3523	C
3524	C
3525	C
3526	C
3527	C
3528	C
3529	Si
3530	Q
3531	C
3532	C
3533	C
3534	C
3535	C
3536	C
3537	Si
3538	Q
3539	C
3540	C
3541	C
3542	C
3543	C
3544	C
3545	Si
3546	Q
3547	C
3548	C
3549	C
3550	C
3551	C
3552	C
3553	Si
3554	Q
3555	C
3556	C
3557	C
3558	C
3559	C
3560	C
3561	Si
3562	Q
3563	C
3564	C
3565	C
3566	C
3567	C
3568	C
3569	Si
3570	Q
3571	C
3572	C
3573	C
3574	C
3575	C
3576	C
3577	Si
3578	Q
3579	C
3580	C
3581	C
3582	C
3583	C
3584	C
3585	Si
3586	Q
3587	C
3588	C
3589	C
3590	C
3591	C
3592	C
3593	Si
3594	Q
3595	C
3596	C
3597	C
3598	C
3599	C
3600	C
3601	Si
3602	Q
3603	C
3604	C
3605	C
3606	C
3607	C
3608	C
3609	Si
3610	Q
3611	C
3612	C
3613	C
3614	C
3615	C
3616	C
3617	Si
3618	Q
3619	C
3620	C
3621	C
3622	C
3623	C
3624	C
3625	Si
3626	Q
3627	C
3628	C
3629	C
3630	C
3631	C
3632	C
3633	Si
3634	Q
3635	C
3636	C
3637	C
3638	C
3639	C
3640	C
3641	Si
3642	Q
3643	C
3644	C
3645	C
3646	C
3647	C
3648	C
3649	Si
3650	Q
3651	C
3652	C
3653	C
3654	C
3655	C
3656	C
3657	Si
3658	Q
3659	C
3660	C
3661	C
3662	C
3663	C
3664	C
3665	Si
3666	Q
3667	C
3668	C
3669	C
3670	C
3671	C
3672	C
3673	Si
3674	Q
3675	C
3676	C
3677	C
3678	C
3679	C
3680	C
3681	Si
3682	Q
3683	C
3684	C
3685	C
3686	C
3687	C
3688	C
3689	Si
3690	Q
3691	C
3692	C
3693	C
3694	C
3695	C
3696	C
3697	Si
3698	Q
3699	C
3700	C
3701	C
3702	C
3703	C
3704	C
3705	Si
3706	Q
3707	C
3708	C
3709	C
3710	C
3711	C
3712	C
3713	Si
3714	Q
3715	C
3716	C
3717	C
3718	C
3719	C
3720	C
3721	Si
3722	Q
3723	C
3724	C
3725	C
3726	C
3727	C
3728	C
3729	Si
3730	Q
3731	C
3732	C
3733	C
3734	C
3735	C
3736	C
3737	Si
3738	Q
3739	C
3740	C
3741	C
3742	C
3743	C
3744	C
3745	Si
3746	Q
3747	C
3748	C
3749	C
3750	C
3751	C
3752	C
3753	Si
3754	Q
3755	C
3756	C
3757	C
3758	C
3759	C
3760	C
3761	Si
3762	Q
3763	C
3764	C
3765	C
3766	C
3767	C
3768	C
3769	Si
3770	Q
3771	C
3772	C
3773	C
3774	C
3775	C
3776	C
3777	Si
3778	Q
3779	C
3780	C
3781	C
3782	C
3783	C
3784	C
3785	Si
3786	Q
3787	C
3788	C
3789	C
3790	C
3791	C
3792	C
3793	Si
3794	Q
3795	C
3796	C
3797	C
3798	C
3799	C
3800	C
3801	Si
3802	Q
3803	C
3804	C
3805	C
3806	C
3807	C
3808	C
3809	Si
3810	Q
3811	C
3812	C
3813	C
3814	C
3815	C
3816	C
3817	Si
3818	Q
3819	C
3820	C
3821	C
3822	C
3823	C
3824	C
3825	Si
3826	Q
3827	C
3828	C
3829	C
3830	C
3831	C
3832	C
3833	Si
3834	Q
3835	C
3836	C
3837	C
3838	C
3839	C
3840	C
3841	Si
3842	Q
3843	C
3844	C
3845	C
3846	C
3847	C
3848	C
3849	Si
3850	Q
3851	C
3852	C
3853	C
3854	C
3855	C
3856	C
3857	Si
3858	Q
3859	C
3860	C
3861	C
3862	C
3863	C
3864	C
3865	Si
3866	Q
3867	C
3868	C
3869	C
3870	C
3871	C
3872	C
3873	Si
3874	Q
3875	C
3876	C
3877	C
3878	C
3879	C
3880	C
3881	Si
3882	Q
3883	C
3884	C
3885	C
3886	C
3887	C
3888	C
3889	Si
3890	Q
3891	C
3892	C
3893	C
3894	C
3895	C
3896	C
3897	Si
3898	Q
3899	C
3900	C
3901	C
3902	C
3903	C
3904	C
3905	Si
3906	Q
3907	C
3908	C
3909	C
3910	C
3911	C
3912	C
3913	Si
3914	Q
3915	C
3916	C
3917	C
3918	C
3919	C
3920	C
3921	Si
3922	Q
3923	C
3924	C
3925	C
3926	C
3927	C
3928	C
3929	Si
3930	Q
3931	C
3932	C
3933	C
3934	C
3935	C
3936	C
3937	Si
3938	Q
3939	C
3940	C
3941	C
3942	C
3943	C
3944	C
3945	Si
3946	Q
3947	C
3948	C
3949	C
3950	C
3951	C
3952	C
3953	Si
3954	Q
3955	C
3956	C
3957	C
3958	C
3959	C
3960	C
3961	Si
3962	Q
3963	C
3964	C
3965	C
3966	C
3967	C
3968	C
3969	Si
3970	Q
3971	C
3972	C
3973	C
3974	C
3975	C
3976	C
3977	Si
3978	Q
3979	C
3980	C
3981	C
3982	C
3983	C
3984	C
3985	Si
3986	Q
3987	C
3988	C
3989	C
3990	C
3991	C
3992	C
3993	Si
3994	Q
3995	C
3996	C
3997	C
3998	C
3999	C
4000	C
4001	Si
4002	Q
4003	C
4004	C
4005	C
4006	C
4007	C
4008	C
4009	Si
4010	Q
4011	C
4012	C
4013	C
4014	C
4015	C
4016	C
4017	Si
4018	Q
4019	C
4020	C
4021	C
4022	C
4023	C
4024	C
4025	Si
4026	Q
4027	C
4028	C
4029	C
4030	C
4031	C
4032	C
4033	Si
4034	Q
4035	C
4036	C
4037	C
4038	C
4039	C
4040	C
4041	Si
4042	Q
4043	C
4044	C
4045	C
4046	C
4047	C
4048	C
4049	Si
4050	Q
4051	C
4052	C
4053	C
4054	C
4055	C
4056	C
4057	Si
4058	Q
4059	C
4060	C
4061	C
4062	C
4063	C
4064	C
4065	Si
4066	Q
4067	C
4068	C
4069	C
4070	C
4071	C
4072	C
4073	Si
4074	Q
4075	C
4076	C
4077	C
4078	C
4079	C
4080	C
4081	Si
4082	Q
4083	C
4084	C
4085	C
4086	C
4087	C
4088	C
4089	Si
4090	Q
4091	C
4092	C
4093	C
4094	C
4095	C
4096	C
4097	Si
4098	Q
4099	C
4100	C
4101	C
4102	C
4103	C
4104	C
4105	Si
4106	Q
4107	C
4108	C
4109	C
4110	C
4111	C
4112	C
4113	Si
4114	Q
4115	C
4116	C
4117	C
4118	C
4119	C
4120	C
4121	Si
4122	Q
4123	C
4124	C
4125	C
4126	C
4127	C
4128	C
4129	Si
4130	Q
4131	C
4132	C
4133	C
4134	C
4135	C
4136	C
4137	Si
4138	Q
4139	C
4140	C
4141	C
4142	C
4143	C
4144	C
4145	Si
4146	Q
4147	C
4148	C
4149	C
4150	C
4151	C
4152	C
4153	Si
4154	Q
4155	C
4156	C
4157	C
4158	C
4159	C
4160	C
4161	Si
4162	Q
4163	C
4164	C
4165	C
4166	C
4167	C
4168	C
4169	Si
4170	Q
4171	C
4172	C
4173	C
4174	C
4175	C
4176	C
4177	Si
4178	Q
4179	C
4180	C
4181	C
4182	C
4183	C
4184	C
4185	Si
4186	Q
4187	C
4188	C
4189	C
4190	C
4191	C
4192	C
4193	Si
4194	Q
4195	C
4196	C
4197	C
4198	C
4199	C
4200	C
4201	Si
4202	Q
4203	C
4204	C
4205	C
4206	C
4207	C
4208	C
4209	Si
4210	Q
4211	C
4212	C
4213	C
4214	C
4215	C
4216	C
4217	Si
4218	Q
4219	C
4220	C
4221	C
4222	C
4223	C
4224	C
4225	Si
4226	Q
4227	C
4228	C
4229	C
4230	C
4231	C
4232	C
4233	Si
4234	Q
4235	C
4236	C
4237	C
4238	C
4239	C
4240	C
4241	Si
4242	Q
4243	C
4244	C
4245	C
4246	C
4247	C
4248	C
4249	Si
4250	Q
4251	C
4252	C
4253	C
4254	C
4255	C
4256	C
4257	Si
4258	Q
4259	C
4260	C
4261	C
4262	C
4263	C
4264	C
4265	Si
4266	Q
4267	C
4268	C
4269	C
4270	C
4271	C
4272	C
4273	Si
4274	Q
4275	C
4276	C
4277	C
4278	C
4279	C
4280	C
4281	Si
4282	Q
4283	C
4284	C
4285	C
4286	C
4287	C
4288	C
4289	Si
4290	Q
4291	C
4292	C
4293	C
4294	C
4295	C
4296	C
4297	Si
4298	Q
4299	C
4300	C
4301	C
4302	C
4303	C
4304	C
4305	Si
4306	Q
4307	C
4308	C
4309	C
4310	C
4311	C
4312	C
4313	Si
4314	Q
4315	C
4316	C
4317	C
4318	C
4319	C
4320	C
4321	Si
4322	Q
4323	C
4324	C
4325	C
4326	C
4327	C
4328	C
4329	Si
4330	Q
4331	C
4332	C
4333	C
4334	C
4335	C
4336	C
4337	Si
4338	Q
4339	C
4340	C
4341	C
4342	C
4343	C
4344	C
4345	Si
4346	Q
4347	C
4348	C
4349	C
4350	C
4351	C
4352	C
4353	Si
4354	Q
4355	C
4356	C
4357	C
4358	C
4359	C
4360	C
4361	Si
4362	Q
4363	C
4364	C
4365	C
4366	C
4367	C
4368	C
4369	Si
4370	Q
4371	C
4372	C
4373	C
4374	C
4375	C
4376	C
4377	Si
4378	Q
4379	C
4380	C
4381	C
4382	C
4383	C
4384	C
4385	Si
4386	Q
4387	C
4388	C
4389	C
4390	C
4391	C
4392	C
4393	Si
4394	Q
4395	C
4396	C
4397	C
4398	C
4399	C
4400	C
4401	Si
4402	Q
4403	C
4404	C
4405	C
4406	C
4407	C
4408	C
4409	Si
4410	Q
4411	C
4412	C
4413	C
4414	C
4415	C
4416	C
4417	Si
4418	Q
4419	C
4420	C
4421	C
4422	C
4423	C
4424	C
4425	Si
4426	Q
4427	C
4428	C
4429	C
4430	C
4431	C
4432	C
4433	Si
4434	Q
4435	C
4436	C
4437	C
4438	C
4439	C
4440	C
4441	Si
4442	Q
4443	C
4444	C
4445	C
4446	C
4447	C
4448	C
4449	Si
4450	Q
4451	C
4452	C
4453	C
4454	C
4455	C
4456	C
4457	Si
4458	Q
4459	C
4460	C
4461	C
4462	C
4463	C
4464	C
4465	Si
4466	Q
4467	C
4468	C
4469	C
4470	C
4471	C
4472	C
4473	Si
4474	Q
4475	C
4476	C
4477	C
4478	C
4479	C
4480	C
4481	Si
4482	Q
4483	C
4484	C
4485	C
4486	C
4487	C
4488	C
4489	Si
4490	Q
4491	C
4492	C
4493	C
4494	C
4495	C
4496	C
4497	Si
4498	Q
4499	C
4500	C
4501	C
4502	C
4503	C
4504	C
4505	Si
4506	Q
4507	C
4508	C
4509	C
4510	C
4511	C
4512	C
4513	Si
4514	Q
4515	C
4516	C
4517	C
4518	C
4519	C
4520	C
4521	Si
4522	Q
4523	C
4524	C
4525	C
4526	C
4527	C
4528	C
4529	Si
4530	Q
4531	C
4532	C
4533	C
4534	C
4535	C
4536	C
4537	Si
4538	Q
4539	C
4540	C
4541	C
4542	C
4543	C
4544	C
4545	Si
4546	Q
4547	C
4548	C
4549	C
4550	C
4551	C
4552	C
4553	Si
4554	Q
4555	C
4556	C
4557	C
4558	C
4559	C
4560	C
4561	Si
4562	Q
4563	C
4564	C
4565	C
4566	C
4567	C
4568	C
4569	Si
4570	Q
4571	C
4572	C
4573	C
4574	C
4575	C
4576	C
4577	Si
4578	Q
4579	C
4580	C
4581	C
4582	C
4583	C
4584	C
4585	Si
4586	Q
4587	C
4588	C
4589	C
4590	C
4591	C
4592	C
4593	Si
4594	Q
4595	C
4596	C
4597	C
4598	C
4599	C
4600	C
4601	Si
4602	Q
4603	C
4604	C
4605	C
4606	C
4607	C
4608	C
4609	Si
4610	Q
4611	C
4612	C
4613	C
4614	C
4615	C
4616	C
4617	Si
4618	Q
4619	C
4620	C
4621	C
4622	C
4623	C
4624	C
4625	Si
4626	Q
4627	C
4628	C
4629	C
4630	C
4631	C
4632	C
4633	Si
4634	Q
4635	C
4636	C
4637	C
4638	C
4639	C
4640	C
4641	Si
4642	Q
4643	C
4644	C
4645	C
4646	C
4647	C
4648	C
4649	Si
4650	Q
4651	C
4652	C
4653	C
4654	C
4655	C
4656	C
4657	Si
4658	Q
4659	C
4660	C
4661	C
4662	C
4663	C
4664	C
4665	Si
4666	Q
4667	C
4668	C
4669	C
4670	C
4671	C
4672	C
4673	Si
4674	Q
4675	C
4676	C
4677	C
4678	C
4679	C
4680	C
4681	Si
4682	Q
4683	C
4684	C
4685	C
4686	C
4687	C
4688	C
4689	Si
4690	Q
4691	C
4692	C
4693	C
4694	C
4695	C
4696	C
4697	Si
4698	Q
4699	C
4700	C
4701	C
4702	C
4703	C
4704	C
4705	Si
4706	Q
4707	C
4708	C
4709	C
4710	C
4711	C
4712	C
4713	Si
4714	Q
4715	C
4716	C
4717	C
4718	C
4719	C
4720	C
4721	Si
4722	Q
4723	C
4724	C
4725	C
4726	C
4727	C
4728	C
4729	Si
4730	Q
4731	C
4732	C
4733	C
4734	C
4735	C
4736	C
4737	Si
4738	Q
4739	C
4740	C
4741	C
4742	C
4743	C
4744	C
4745	Si
4746	Q
4747	C
4748	C
4749	C
4750	C
4751	C
4752	C
4753	Si
4754	Q
4755	C
4756	C
4757	C
4758	C
4759	C
4760	C
4761	Si
4762	Q
4763	C
4764	C
4765	C
4766	C
4767	C
4768	C
4769	Si
4770	Q
4771	C
4772	C
4773	C
4774	C
4775	C
4776	C
4777	Si
4778	Q
4779	C
4780	C
4781	C
4782	C
4783	C
4784	C
4785	Si
4786	Q
4787	C
4788	C
4789	C
4790	C
4791	C
4792	C
4793	Si
4794	Q
4795	C
4796	C
4797	C
4798	C
4799	C
4800	C
4801	Si
4802	Q
4803	C
4804	C
4805	C
4806	C
4807	C
4808	C
4809	Si
4810	Q
4811	C
4812	C
4813	C
4814	C
4815	C
4816	C
4817	Si
4818	Q
4819	C
4820	C
4821	C
4822	C
4823	C
4824	C
4825	Si
4826	Q
4827	C
4828	C
4829	C
4830	C
4831	C
4832	C
4833	Si
4834	Q
4835	C
4836	C
4837	C
4838	C
4839	C
4840	C
4841	Si
4842	Q
4843	C
4844	C
4845	C
4846	C
4847	C
4848	C
4849	Si
4850	Q
4851	C
4852	C
4853	C
4854	C
4855	C
4856	C
4857	Si
4858	Q
4859	C
4860	C
4861	C
4862	C
4863	C
4864	C
4865	Si
4866	Q
4867	C
4868	C
4869	C
4870	C
4871	C
4872	C
4873	Si
4874	Q
4875	C
4876	C
4877	C
4878	C
4879	C
4880	C
4881	Si
4882	Q
4883	C
4884	C
4885	C
4886	C
4887	C
4888	C
4889	Si
4890	Q
4891	C
4892	C
4893	C
4894	C
4895	C
4896	C
4897	Si
4898	Q
4899	C
4900	C
4901	C
4902	C
4903	C
4904	C
4905	Si
4906	Q
4907	C
4908	C
4909	C
4910	C
4911	C
4912	C
4913	Si
4914	Q
4915	C
4916	C
4917	C
4918	C
4919	C
4920	C
4921	Si
4922	Q
4923	C
4924	C
4925	C
4926	C
4927	C
4928	C
4929	Si
4930	Q
4931	C
4932	C
4933	C
4934	C
4935	C
4936	C
4937	Si
4938	Q
4939	C
4940	C
4941	C
4942	C
4943	C
4944	C
4945	Si
4946	Q
4947	C
4948	C
4949	C
4950	C
4951	C
4952	C
4953	Si
4954	Q
4955	C
4956	C
4957	C
4958	C
4959	C
4960	C
4961	Si
4962	Q
4963	C
4964	C
4965	C
4966	C
4967	C
4968	C
4969	Si
4970	Q
4971	C
4972	C
4973	C
4974	C
4975	C
4976	C
4977	Si
4978	Q
4979	C
4980	C
4981	C
4982	C
4983	C
4984	C
4985	Si
4986	Q
4987	C
4988	C
4989	C
4990	C
4991	C
4992	C
4993	Si
4994	Q
4995	C
4996	C
4997	C
4998	C
4999	C
5000	C
5001	Si
5002	Q
5003	C
5004	C
5005	C
5006	C
5007	C
5008	C
5009	Si
5010	Q
5011	C
5012	C
5013	C
5014	C
5015	C
5016	C
5017	Si
5018	Q
5019	C
5020	C
5021	C
5022	C
5023	C
5024	C
5025	Si
5026	Q
5027	C
5028	C
5029	C
5030	C
5031	C
5032	C
5033	Si
5034	Q
5035	C
5036	C
5037	C
5038	C
5039	C
5040	C
5041	Si
5042	Q
5043	C
5044	C
5045	C
5046	C
5047	C
5048	C
5049	Si
5050	Q
5051	C
5052	C
5053	C
5054	C
5055	C
5056	C
5057	Si
5058	Q
5059	C
5060	C
5061	C
5062	C
5063	C
5064	C
5065	Si
5066	Q
5067	C
5068	C
5069	C
5070	C
5071	C
5072	C
5073	Si
5074	Q
5075	C
5076	C
5077	C
5078	C
5079	C
5080	C
5081	Si
5082	Q
5083	C
5084	C
5085	C
5086	C
5087	C
5088	C
5089	Si
5090	Q
5091	C
5092	C
5093	C
5094	C
5095	C
5096	C
5097	Si
5098	Q
5099	C
5100	C
5101	C
5102	C
5103	C
5104	C
5105	Si
5106	Q
5107	C
5108	C
5109	C
5110	C
5111	C
5112	C
5113	Si
5114	Q
5115	C
5116	C
5117	C
5118	C
5119	C
5120	C
5121	Si
5122	Q
5123	C
5124	C
5125	C
5126	C
5127	C
5128	C
5129	Si
5130	Q
5131	C
5132	C
5133	C
5134	C
5135	C
5136	C
5137	Si
5138	Q
5139	C
5140	C
5141	C
5142	C
5143	C
5144	C
5145	Si
5146	Q
5147	C
5148	C
5149	C
5150	C
5151	C
5152	C
5153	Si
5154	Q
5155	C
5156	C
5157	C
5158	C
5159	C
5160	C
5161	Si
5162	Q
5163	C
5164	C
5165	C
5166	C
5167	C
5168	C
5169	Si
5170	Q
5171	C
5172	C
5173	C
5174	C
5175	C
5176	C
5177	Si
5178	Q
5179	C
5180	C
5181	C
5182	C
5183	C
5184	C
5185	Si
5186	Q
5187	C
5188	C
5189	C
5190	C
5191	C
5192	C
5193	Si
5194	Q
5195	C
5196	C
5197	C
5198	C
5199	C
5200	C
5201	Si
5202	Q
5203	C
5204	C
5205	C
5206	C
5207	C
5208	C
5209	Si
5210	Q
5211	C
5212	C
5213	C
5214	C
5215	C
5216	C
5217	Si
5218	Q
5219	C
5220	C
5221	C
5222	C
5223	C
5224	C
5225	Si
5226	Q
5227	C
5228	C
5229	C
5230	C
5231	C
5232	C
5233	Si
5234	Q
5235	C
5236	C
5237	C
5238	C
5239	C
5240	C
5241	Si
5242	Q
5243	C
5244	C
5245	C
5246	C
5247	C
5248	C
5249	Si
5250	Q
5251	C
5252	C
5253	C
5254	C
5255	C
5256	C
5257	Si
5258	Q
5259	C
5260	C
5261	C
5262	C
5263	C
5264	C
5265	Si
5266	Q
5267	C
5268	C
5269	C
5270	C
5271	C
5272	C
5273	Si
5274	Q
5275	C
5276	C
5277	C
5278	C
5279	C
5280	C
5281	Si
5282	Q
5283	C
5284	C
5285	C
5286	C
5287	C
5288	C
5289	Si
5290	Q
5291	C
5292	C
5293	C
5294	C
5295	C
5296	C
5297	Si
5298	Q
5299	C
5300	C
5301	C
5302	C
5303	C
5304	C
5305	Si
5306	Q
5307	C
5308	C
5309	C
5310	C
5311	C
5312	C
5313	Si
5314	Q
5315	C
5316	C
5317	C
5318	C
5319	C
5320	C
5321	Si
5322	Q
5323	C
5324	C
5325	C
5326	C
5327	C
5328	C
5329	Si
5330	Q
5331	C
5332	C
5333	C
5334	C
5335	C
5336	C
5337	Si
5338	Q
5339	C
5340	C
5341	C
5342	C
5343	C
5344	C
5345	Si
5346	Q
5347	C
5348	C
5349	C
5350	C
5351	C
5352	C
5353	Si
5354	Q
5355	C
5356	C
5357	C
5358	C
5359	C
5360	C
5361	Si
5362	Q
5363	C
5364	C
5365	C
5366	C
5367	C
5368	C
5369	Si
5370	Q
5371	C
5372	C
5373	C
5374	C
5375	C
5376	C
5377	Si
5378	Q
5379	C
5380	C
5381	C
5382	C
5383	C
5384	C
5385	Si
5386	Q
5387	C
5388	C
5389	C
5390	C
5391	C
5392	C
5393	Si
5394	Q
5395	C
5396	C
5397	C
5398	C
5399	C
5400	C
5401	Si
5402	Q
5403	C
5404	C
5405	C
5406	C
5407	C
5408	C
5409	Si
5410	Q
5411	C
5412	C
5413	C
5414	C
5415	C
5416	C
5417	Si
5418	Q
5419	C
5420	C
5421	C
5422	C
5423	C
5424	C
5425	Si
5426	Q
5427	C
5428	C
5429	C
5430	C
5431	C
5432	C
5433	Si
5434	Q
5435	C
5436	C
5437	C
5438	C
5439	C
5440	C
5441	Si
5442	Q
5443	C
5444	C
5445	C
5446	C
5447	C
5448	C
5449	Si
5450	Q
5451	C
5452	C
5453	C
5454	C
5455	C
5456	C
5457	Si
5458	Q
5459	C
5460	C
5461	C
5462	C
5463	C
5464	C
5465	Si
5466	Q
5467	C
5468	C
5469	C
5470	C
5471	C
5472	C
5473	Si
5474	Q
5475	C
5476	C
5477	C
5478	C
5479	C
5480	C
5481	Si
5482	Q
5483	C
5484	C
5485	C
5486	C
5487	C
5488	C
5489	Si
5490	Q
5491	C
5492	C
5493	C
5494	C
5495	C
5496	C
5497	Si
5498	Q
5499	C
5500	C
5501	C
5502	C
5503	C
5504	C
5505	Si
5506	Q
5507	C
5508	C
5509	C
5510	C
5511	C
5512	C
5513	Si
5514	Q
5515	C
5516	C
5517	C
5518	C
5519	C
5520	C
5521	Si
5522	Q
5523	C
5524	C
5525	C
5526	C
5527	C
5528	C
5529	Si
5530	Q
5531	C
5532	C
5533	C
5534	C
5535	C
5536	C
5537	Si
5538	Q
5539	C
5540	C
5541	C
5542	C
5543	C
5544	C
5545	Si
5546	Q
5547	C
5548	C
5549	C
5550	C
5551	C
5552	C
5553	Si
5554	Q
5555	C
5556	C
5557	C
5558	C
5559	C
5560	C
5561	Si
5562	Q
5563	C
5564	C
5565	C
5566	C
5567	C
5568	C
5569	Si
5570	Q
5571	C
5572	C
5573	C
5574	C
5575	C
5576	C
5577	Si
5578	Q
5579	C
5580	C
5581	C
5582	C
5583	C
5584	C
5585	Si
5586	Q
5587	C
5588	C
5589	C
5590	C
5591	C
5592	C
5593	Si
5594	Q
5595	C
5596	C
5597	C
5598	C
5599	C
5600	C
5601	Si
5602	Q
5603	C
5604	C
5605	C
5606	C
5607	C
5608	C
5609	Si
5610	Q
5611	C
5612	C
5613	C
5614	C
5615	C
5616	C
5617	Si
5618	Q
5619	C
5620	C
5621	C
5622	C
5623	C
5624	C
5625	Si
5626	Q
5627	C
5628	C
5629	C
5630	C
5631	C
5632	C
5633	Si
5634	Q
5635	C
5636	C
5637	C
5638	C
5639	C
5640	C
5641	Si
5642	Q
5643	C
5644	C
5645	C
5646	C
5647	C
5648	C
5649	Si
5650	Q
5651	C
5652	C
5653	C
5654	C
5655	C
5656	C
5657	Si
5658	Q
5659	C
5660	C
5661	C
5662	C
5663	C
5664	C
5665	Si
5666	Q
5667	C
5668	C
5669	C
5670	C
5671	C
5672	C
5673	Si
5674	Q
5675	C
5676	C
5677	C
5678	C
5679	C
5680	C
5681	Si
5682	Q
5683	C
5684	C
5685	C
5686	C
5687	C
5688	C
5689	Si
5690	Q
5691	C
5692	C
5693	C
5694	C
5695	C
5696	C
5697	Si
5698	Q
5699	C
5700	C
5701	C
5702	C
5703	C
5704	C
5705	Si
5706	Q
5707	C
5708	C
5709	C
5710	C
5711	C
5712	C
5713	Si
5714	Q
5715	C
5716	C
5717	C
5718	C
5719	C
5720	C
5721	Si
5722	Q
5723	C
5724	C
5725	C
5726	C
5727	C
5728	C
5729	Si
5730	Q
5731	C
5732	C
5733	C
5734	C
5735	C
5736	C
5737	Si
5738	Q
5739	C
5740	C
5741	C
5742	C
5743	C
5744	C
5745	Si
5746	Q
5747	C
5748	C
5749	C
5750	C
5751	C
5752	C
5753	Si
5754	Q
5755	C
5756	C
5757	C
5758	C
5759	C
5760	C
5761	Si
5762	Q
5763	C
5764	C
5765	C
5766	C
5767	C
5768	C
5769	Si
5770	Q
5771	C
5772	C
5773	C
5774	C
5775	C
5776	C
5777	Si
5778	Q
5779	C
5780	C
5781	C
5782	C
5783	C
5784	C
5785	Si
5786	Q
5787	C
5788	C
5789	C
5790	C
5791	C
5792	C
5793	Si
5794	Q
5795	C
5796	C
5797	C
5798	C
5799	C
5800	C
5801	Si
5802	Q
5803	C
5804	C
5805	C
5806	C
5807	C
5808	C
5809	Si
5810	Q
5811	C
5812	C
5813	C
5814	C
5815	C
5816	C
5817	Si
5818	Q
5819	C
5820	C
5821	C
5822	C
5823	C
5824	C
5825	Si
5826	Q
5827	C
5828	C
5829	C
5830	C
5831	C
5832	C
5833	Si
5834	Q
5835	C
5836	C
5837	C
5838	C
5839	C
5840	C
5841	Si
5842	Q
5843	C
5844	C
5845	C
5846	C
5847	C
5848	C
5849	Si
5850	Q
5851	C
5852	C
5853	C
5854	C
5855	C
5856	C
5857	Si
5858	Q
5859	C
5860	C
5861	C
5862	C
5863	C
5864	C
5865	Si
5866	Q
5867	C
5868	C
5869	C
5870	C
5871	C
5872	C
5873	Si
5874	Q
5875	C
5876	C
5877	C
5878	C
5879	C
5880	C
5881	Si
5882	Q
5883	C
5884	C
5885	C
5886	C
5887	C
5888	C
5889	Si
5890	Q
5891	C
5892	C
5893	C
5894	C
5895	C
5896	C
5897	Si
5898	Q
5899	C
5900	C
5901	C
5902	C
5903	C
5904	C
5905	Si
5906	Q
5907	C
5908	C
5909	C
5910	C
5911	C
5912	C
5913	Si
5914	Q
5915	C
5916	C
5917	C
5918	C
5919	C
5920	C
5921	Si
5922	Q
5923	C
5924	C
5925	C
5926	C
5927	C
5928	C
5929	Si
5930	Q
5931	C
5932	C
5933	C
5934	C
5935	C
5936	C
5937	Si
5938	Q
5939	C
5940	C
5941	C
5942	C
5943	C
5944	C
5945	Si
5946	Q
5947	C
5948	C
5949	C
5950	C
5951	C
5952	C
5953	Si
5954	Q
5955	C
5956	C
5957	C
5958	C
5959	C
5960	C
5961	Si
5962	Q
5963	C
5964	C
5965	C
5966	C
5967	C
5968	C
5969	Si
5970	Q
5971	C
5972	C
5973	C
5974	C
5975	C
5976	C
5977	Si
5978	Q
5979	C
5980	C
5981	C
5982	C
5983	C
5984	C
5985	Si
5986	Q
5987	C
5988	C
5989	C
5990	C
5991	C
5992	C
5993	Si
5994	Q
5995	C
5996	C
5997	C
5998	C
5999	C
6000	C
6001	Si
6002	Q
6003	C
6004	C
6005	C
6006	C
6007	C
6008	C
6009	Si
6010	Q
6011	C
6012	C
6013	C
6014	C
6015	C
6016	C
6017	Si
6018	Q
6019	C
6020	C
6021	C
6022	C
6023	C
6024	C
6025	Si
6026	Q
6027	C
6028	C
6029	C
6030	C
6031	C
6032	C
6033	Si
6034	Q
6035	C
6036	C
6037	C
6038	C
6039	C
6040	C
6041	Si
6042	Q
6043	C
6044	C
6045	C
6046	C
6047	C
6048	C
6049	Si
6050	Q
6051	C
6052	C
6053	C
6054	C
6055	C
6056	C
6057	Si
6058	Q
6059	C
6060	C
6061	C
6062	C
6063	C
6064	C
6065	Si
6066	Q
6067	C
6068	C
6069	C
6070	C
6071	C
6072	C
6073	Si
6074	Q
6075	C
6076	C
6077	C
6078	C
6079	C
6080	C
6081	Si
6082	Q
6083	C
6084	C
6085	C
6086	C
6087	C
6088	C
6089	Si
6090	Q
6091	C
6092	C
6093	C
6094	C
6095	C
6096	C
6097	Si
6098	Q
6099	C
6100	C
6101	C
6102	C
6103	C
6104	C
6105	Si
6106	Q
6107	C
6108	C
6109	C
6110	C
6111	C
6112	C
6113	Si
6114	Q
6115	C
6116	C
6117	C
6118	C
6119	C
6120	C
6121	Si
6122	Q
6123	C
6124	C
6125	C
6126	C
6127	C
6128	C
6129	Si
6130	Q
6131	C
6132	C
6133	C
6134	C
6135	C
6136	C
6137	Si
6138	Q
6139	C
6140	C
6141	C
6142	C
6143	C
6144	C
6145	Si
6146	Q
6147	C
6148	C
6149	C
6150	C
6151	C
6152	C
6153	Si
6154	Q
6155	C
6156	C
6157	C
6158	C
6159	C
6160	C
6161	Si
6162	Q
6163	C
6164	C
6165	C
6166	C
6167	C
6168	C
6169	Si
6170	Q
6171	C
6172	C
6173	C
6174	C
6175	C
6176	C
6177	Si
6178	Q
6179	C
6180	C
6181	C
6182	C
6183	C
6184	C
6185	Si
6186	Q
6187	C
6188	C
6189	C
6190	C
6191	C
6192	C
6193	Si
6194	Q
6195	C
6196	C
6197	C
6198	C
6199	C
6200	C
6201	Si
6202	Q
6203	C
6204	C
6205	C
6206	C
6207	C
6208	C
6209	Si
6210	Q
6211	C
6212	C
6213	C
6214	C
6215	C
6216	C
6217	Si
6218	Q
6219	C
6220	C
6221	C
6222	C
6223	C
6224	C
6225	Si
6226	Q
6227	C
6228	C
6229	C
6230	C
6231	C
6232	C
6233	Si
6234	Q
6235	C
6236	C
6237	C
6238	C
6239	C
6240	C
6241	Si
6242	Q
6243	C
6244	C
6245	C
6246	C
6247	C
6248	C
6249	Si
6250	Q
6251	C
6252	C
6253	C
6254	C
6255	C
6256	C
6257	Si
6258	Q
6259	C
6260	C
6261	C
6262	C
6263	C
6264	C
6265	Si
6266	Q
6267	C
6268	C
6269	C
6270	C
6271	C
6272	C
6273	Si
6274	Q
6275	C
6276	C
6277	C
6278	C
6279	C
6280	C
6281	Si
6282	Q
6283	C
6284	C
6285	C
6286	C
6287	C
6288	C
6289	Si
6290	Q
6291	C
6292	C
6293	C
6294	C
6295	C
6296	C
6297	Si
6298	Q
6299	C
6300	C
6301	C
6302	C
6303	C
6304	C
6305	Si
6306	Q
6307	C
6308	C
6309	C
6310	C
6311	C
6312	C
6313	Si
6314	Q
6315	C
6316	C
6317	C
6318	C
6319	C
6320	C
6321	Si
6322	Q
6323	C
6324	C
6325	C
6326	C
6327	C
6328	C
6329	Si
6330	Q
6331	C
6332	C
6333	C
6334	C
6335	C
6336	C
6337	Si
6338	Q
6339	C
6340	C
6341	C
6342	C
6343	C
6344	C
6345	Si
6346	Q
6347	C
6348	C
6349	C
6350	C
6351	C
6352	C
6353	Si
6354	Q
6355	C
6356	C
6357	C
6358	C
6359	C
6360	C
6361	Si
6362	Q
6363	C
6364	C
6365	C
6366	C
6367	C
6368	C
6369	Si
6370	Q
6371	C
6372	C
6373	C
6374	C
6375	C
6376	C
6377	Si
6378	Q
6379	C
6380	C
6381	C
6382	C
6383	C
6384	C
6385	Si
6386	Q
6387	C
6388	C
6389	C
6390	C
6391	C
6392	C
6393	Si
6394	Q
6395	C
6396	C
6397	C
6398	C
6399	C
6400	C
6401	Si
6402	Q
6403	C
6404	C
6405	C
6406	C
6407	C
6408	C
6409	Si
6410	Q
6411	C
6412	C
6413	C
6414	C
6415	C
6416	C
6417	Si
6418	Q
6419	C
6420	C
6421	C
6422	C
6423	C
6424	C
6425	Si
6426	Q
6427	C
6428	C
6429	C
6430	C
6431	C
6432	C
6433	Si
6434	Q
6435	C
6436	C
6437	C
6438	C
6439	C
6440	C
6441	Si
6442	Q
6443	C
6444	C
6445	C
6446	C
6447	C
6448	C
6449	Si
6450	Q
6451	C
6452	C
6453	C
6454	C
6455	C
6456	C
6457	Si
6458	Q
6459	C
6460	C
6461	C
6462	C
6463	C
6464	C
6465	Si
6466	Q
6467	C
6468	C
6469	C
6470	C
6471	C
6472	C
6473	Si
6474	Q
6475	C
6476	C
6477	C
6478	C
6479	C
6480	C
6481	Si
6482	Q
6483	C
6484	C
6485	C
6486	C
6487	C
6488	C
6489	Si
6490	Q
6491	C
6492	C
6493	C
6494	C
6495	C
6496	C
6497	Si
6498	Q
6499	C
6500	C
6501	C
6502	C
6503	C
6504	C
6505	Si
6506	Q
6507	C
6508	C
6509	C
6510	C
6511	C
6512	C
6513	Si
6514	Q
6515	C
6516	C
6517	C
6518	C
6519	C
6520	C
6521	Si
6522	Q
6523	C
6524	C
6525	C
6526	C
6527	C
6528	C
6529	Si
6530	Q
6531	C
6532	C
6533	C
6534	C
6535	C
6536	C
6537	Si
6538	Q
6539	C
6540	C
6541	C
6542	C
6543	C
6544	C
6545	Si
6546	Q
6547	C
6548	C
6549	C
6550	C
6551	C
6552	C
6553	Si
6554	Q
6555	C
6556	C
6557	C
6558	C
6559	C
6560	C
6561	Si
6562	Q
6563	C
6564	C
6565	C
6566	C
6567	C
6568	C
6569	Si
6570	Q
6571	C
6572	C
6573	C
6574	C
6575	C
6576	C
6577	Si
6578	Q
6579	C
6580	C
6581	C
6582	C
6583	C
6584	C
6585	Si
6586	Q
6587	C
6588	C
6589	C
6590	C
6591	C
6592	C
6593	Si
6594	Q
6595	C
6596	C
6597	C
6598	C
6599	C
6600	C
6601	Si
6602	Q
6603	C
6604	C
6605	C
6606	C
6607	C
6608	C
6609	Si
6610	Q
6611	C
6612	C
6613	C
6614	C
6615	C
6616	C
6617	Si
6618	Q
6619	C
6620	C
6621	C
6622	C
6623	C
6624	C
6625	Si
6626	Q
6627	C
6628	C
6629	C
6630	C
6631	C
6632	C
6633	Si
6634	Q
6635	C
6636	C
6637	C
6638	C
6639	C
6640	C
6641	Si
6642	Q
6643	C
6644	C
6645	C
6646	C
6647	C
6648	C
6649	Si
6650	Q
6651	C
6652	C
6653	C
6654	C
6655	C
6656	C
6657	Si
6658	Q
6659	C
6660	C
6661	C
6662	C
6663	C
6664	C
6665	Si
6666	Q
6667	C
6668	C
6669	C
6670	C
6671	C
6672	C
6673	Si
6674	Q
6675	C
6676	C
6677	C
6678	C
6679	C
6680	C
6681	Si
6682	Q
6683	C
6684	C
6685	C
6686	C
6687	C
6688	C
6689	Si
6690	Q
6691	C
6692	C
6693	C
6694	C
6695	C
6696	C
6697	Si
6698	Q
6699	C
6700	C
6701	C
6702	C
6703	C
6704	C
6705	Si
6706	Q
6707	C
6708	C
6709	C
6710	C
6711	C
6712	C
6713	Si
6714	Q
6715	C
6716	C
6717	C
6718	C
6719	C
6720	C
6721	Si
6722	Q
6723	C
6724	C
6725	C
6726	C
6727	C
6728	C
6729	Si
6730	Q
6731	C
6732	C
6733	C
6734	C
6735	C
6736	C
6737	Si
6738	Q
6739	C
6740	C
6741	C
6742	C
6743	C
6744	C
6745	Si
6746	Q
6747	C
6748	C
6749	C
6750	C
6751	C
6752	C
6753	Si
6754	Q
6755	C
6756	C
6757	C
6758	C
6759	C
6760	C
6761	Si
6762	Q
6763	C
6764	C
6765	C
6766	C
6767	C
6768	C
6769	Si
6770	Q
6771	C
6772	C
6773	C
6774	C
6775	C
6776	C
6777	Si
6778	Q
6779	C
6780	C
6781	C
6782	C
6783	C
6784	C
6785	Si
6786	Q
6787	C
6788	C
6789	C
6790	C
6791	C
6792	C
6793	Si
6794	Q
6795	C
6796	C
6797	C
6798	C
6799	C
6800	C
6801	Si
6802	Q
6803	C
6804	C
6805	C
6806	C
6807	C
6808	C
6809	Si
6810	Q
6811	C
6812	C
6813	C
6814	C
6815	C
6816	C
6817	Si
6818	Q
6819	C
6820	C
6821	C
6822	C
6823	C
6824	C
6825	Si
6826	Q
6827	C
6828	C
6829	C
6830	C
6831	C
6832	C
6833	Si
6834	Q
6835	C
6836	C
6837	C
6838	C
6839	C
6840	C
6841	Si
6842	Q
6843	C
6844	C
6845	C
6846	C
6847	C
6848	C
6849	Si
6850	Q
6851	C
6852	C
6853	C
6854	C
6855	C
6856	C
6857	Si
6858	Q
6859	C
6860	C
6861	C
6862	C
6863	C
6864	C
6865	Si
6866	Q
6867	C
6868	C
6869	C
6870	C
6871	C
6872	C
6873	Si
6874	Q
6875	C
6876	C
6877	C
6878	C
6879	C
6880	C
6881	Si
6882	Q
6883	C
6884	C
6885	C
6886	C
6887	C
6888	C
6889	Si
6890	Q
6891	C
6892	C
6893	C
6894	C
6895	C
6896	C
6897	Si
6898	Q
6899	C
6900	C
6901	C
6902	C
6903	C
6904	C
6905	Si
6906	Q
6907	C
6908	C
6909	C
6910	C
6911	C
6912	C
6913	Si
6914	Q
6915	C
6916	C
6917	C
6918	C
6919	C
6920	C
6921	Si
6922	Q
6923	C
6924	C
6925	C
6926	C
6927	C
6928	C
6929	Si
6930	Q
6931	C
6932	C
6933	C
6934	C
6935	C
6936	C
6937	Si
6938	Q
6939	C
6940	C
6941	C
6942	C
6943	C
6944	C
6945	Si
6946	Q
6947	C
6948	C
6949	C
6950	C
6951	C
6952	C
6953	Si
6954	Q
6955	C
6956	C
6957	C
6958	C
6959	C
6960	C
6961	Si
6962	Q
6963	C
6964	C
6965	C
6966	C
6967	C
6968	C
6969	Si
6970	Q
6971	C
6972	C
6973	C
6974	C
6975	C
6976	C
6977	Si
6978	Q
6979	C
6980	C
6981	C
6982	C
6983	C
6984	C
6985	Si
6986	Q
6987	C
6988	C
6989	C
6990	C
6991	C
6992	C
6993	Si
6994	Q
6995	C
6996	C
6997	C
6998	C
6999	C
7000	C
7001	Si
7002	Q
7003	C
7004	C
7005	C
7006	C
7007	C
7008	C
7009	Si
7010	Q
7011	C
7012	C
7013	C
7014	C
7015	C
7016	C
7017	Si
7018	Q
7019	C
7020	C
7021	C
7022	C
7023	C
7024	C
7025	Si
7026	Q
7027	C
7028	C
7029	C
7030	C
7031	C
7032	C
7033	Si
7034	Q
7035	C
7036	C
7037	C
7038	C
7039	C
7040	C
7041	Si
7042	Q
7043	C
7044	C
7045	C
7046	C
7047	C
7048	C
7049	Si
7050	Q
7051	C
7052	C
7053	C
7054	C
7055	C
7056	C
7057	Si
7058	Q
7059	C
7060	C
7061	C
7062	C
7063	C
7064	C
7065	Si
7066	Q
7067	C
7068	C
7069	C
7070	C
7071	C
7072	C
7073	Si
7074	Q
7075	C
7076	C
7077	C
7078	C
7079	C
7080	C
7081	Si
7082	Q
7083	C
7084	C
7085	C
7086	C
7087	C
7088	C
7089	Si
7090	Q
7091	C
7092	C
7093	C
7094	C
7095	C
7096	C
7097	Si
7098	Q
7099	C
7100	C
7101	C
7102	C
7103	C
7104	C
7105	Si
7106	Q
7107	C
7108	C
7109	C
7110	C
7111	C
7112	C
7113	Si
7114	Q
7115	C
7116	C
7117	C
7118	C
7119	C
7120	C
7121	Si
7122	Q
7123	C
7124	C
7125	C
7126	C
7127	C
7128	C
7129	Si
7130	Q
7131	C
7132	C
7133	C
7134	C
7135	C
7136	C
7137	Si
7138	Q
7139	C
7140	C
7141	C
7142	C
7143	C
7144	C
7145	Si
7146	Q
7147	C
7148	C
7149	C
7150	C
7151	C
7152	C
7153	Si
7154	Q
7155	C
7156	C
7157	C
7158	C
7159	C
7160	C
7161	Si
7162	Q
7163	C
7164	C
7165	C
7166	C
7167	C
7168	C
7169	Si
7170	Q
7171	C
7172	C
7173	C
7174	C
7175	C
7176	C
7177	Si
7178	Q
7179	C
7180	C
7181	C
7182	C
7183	C
7184	C
7185	Si
7186	Q
7187	C
7188	C
7189	C
7190	C
7191	C
7192	C
7193	Si
7194	Q
7195	C
7196	C
7197	C
7198	C
7199	C
7200	C
7201	Si
7202	Q
7203	C
7204	C
7205	C
7206	C
7207	C
7208	C
7209	Si
7210	Q
7211	C
7212	C
7213	C
7214	C
7215	C
7216	C
7217	Si
7218	Q
7219	C
7220	C
7221	C
7222	C
7223	C
7224	C
7225	Si
7226	Q
7227	C
7228	C
7229	C
7230	C
7231	C
7232	C
7233	Si
7234	Q
7235	C
7236	C
7237	C
7238	C
7239	C
7240	C
7241	Si
7242	Q
7243	C
7244	C
7245	C
7246	C
7247	C
7248	C
7249	Si
7250	Q
7251	C
7252	C
7253	C
7254	C
7255	C
7256	C
7257	Si
7258	Q
7259	C
7260	C
7261	C
7262	C
7263	C
7264	C
7265	Si
7266	Q
7267	C
7268	C
7269	C
7270	C
7271	C
7272	C
7273	Si
7274	Q
7275	C
7276	C
7277	C
7278	C
7279	C
7280	C
7281	Si
7282	Q
7283	C
7284	C
7285	C
7286	C
7287	C
7288	C
7289	Si
7290	Q
7291	C
7292	C
7293	C
7294	C
7295	C
7296	C
7297	Si
7298	Q
7299	C
7300	C
7301	C
7302	C
7303	C
7304	C
7305	Si
7306	Q
7307	C
7308	C
7309	C
7310	C
7311	C
7312	C
7313	Si
7314	Q
7315	C
7316	C
7317	C
7318	C
7319	C
7320	C
7321	Si
7322	Q
7323	C
7324	C
7325	C
7326	C
7327	C
7328	C
7329	Si
7330	Q
7331	C
7332	C
7333	C
7334	C
7335	C
7336	C
7337	Si
7338	Q
7339	C
7340	C
7341	C
7342	C
7343	C
7344	C
7345	Si
7346	Q
7347	C
7348	C
7349	C
7350	C
7351	C
7352	C
7353	Si
7354	Q
7355	C
7356	C
7357	C
7358	C
7359	C
7360	C
7361	Si
7362	Q
7363	C
7364	C
7365	C
7366	C
7367	C
7368	C
7369	Si
7370	Q
7371	C
7372	C
7373	C
7374	C
7375	C
7376	C
7377	Si
7378	Q
7379	C
7380	C
7381	C
7382	C
7383	C
7384	C
7385	Si
7386	Q
7387	C
7388	C
7389	C
7390	C
7391	C
7392	C
7393	Si
7394	Q
7395	C
7396	C
7397	C
7398	C
7399	C
7400	C
7401	Si
7402	Q
7403	C
7404	C
7405	C
7406	C
7407	C
7408	C
7409	Si
7410	Q
7411	C
7412	C
7413	C
7414	C
7415	C
7416	C
7417	Si
7418	Q
7419	C
7420	C
7421	C
7422	C
7423	C
7424	C
7425	Si
7426	Q
7427	C
7428	C
7429	C
7430	C
7431	C
7432	C
7433	Si
7434	Q
7435	C
7436	C
7437	C
7438	C
7439	C
7440	C
7441	Si
7442	Q
7443	C
7444	C
7445	C
7446	C
7447	C
7448	C
7449	Si
7450	Q
7451	C
7452	C
7453	C
7454	C
7455	C
7456	C
7457	Si
7458	Q
7459	C
7460	C
7461	C
7462	C
7463	C
7464	C
7465	Si
7466	Q
7467	C
7468	C
7469	C
7470	C
7471	C
7472	C
7473	Si
7474	Q
7475	C
7476	C
7477	C
7478	C
7479	C
7480	C
7481	Si
7482	Q
7483	C
7484	C
7485	C
7486	C
7487	C
7488	C
7489	Si
7490	Q
7491	C
7492	C
7493	C
7494	C
7495	C
7496	C
7497	Si
7498	Q
7499	C
7500	C
7501	C
7502	C
7503	C
7504	C
7505	Si
7506	Q
7507	C
7508	C
7509	C
7510	C
7511	C
7512	C
7513	Si
7514	Q
7515	C
7516	C
7517	C
7518	C
7519	C
7520	C
7521	Si
7522	Q
7523	C
7524	C
7525	C
7526	C
7527	C
7528	C
7529	Si
7530	Q
7531	C
7532	C
7533	C
7534	C
7535	C
7536	C
7537	Si
7538	Q
7539	C
7540	C
7541	C
7542	C
7543	C
7544	C
7545	Si
7546	Q
7547	C
7548	C
7549	C
7550	C
7551	C
7552	C
7553	Si
7554	Q
7555	C
7556	C
7557	C
7558	C
7559	C
7560	C
7561	Si
7562	Q
7563	C
7564	C
7565	C
7566	C
7567	C
7568	C
7569	Si
7570	Q
7571	C
7572	C
7573	C
7574	C
7575	C
7576	C
7577	Si
7578	Q
7579	C
7580	C
7581	C
7582	C
7583	C
7584	C
7585	Si
7586	Q
7587	C
7588	C
7589	C
7590	C
7591	C
7592	C
7593	Si
7594	Q
7595	C
7596	C
7597	C
7598	C
7599	C
7600	C
7601	Si
7602	Q
7603	C
7604	C
7605	C
7606	C
7607	C
7608	C
7609	Si
7610	Q
7611	C
7612	C
7613	C
7614	C
7615	C
7616	C
7617	Si
7618	Q
7619	C
7620	C
7621	C
7622	C
7623	C
7624	C
7625	Si
7626	Q
7627	C
7628	C
7629	C
7630	C
7631	C
7632	C
7633	Si
7634	Q
7635	C
7636	C
7637	C
7638	C
7639	C
7640	C
7641	Si
7642	Q
7643	C
7644	C
7645	C
7646	C
7647	C
7648	C
7649	Si
7650	Q
7651	C
7652	C
7653	C
7654	C
7655	C
7656	C
7657	Si
7658	Q
7659	C
7660	C
7661	C
7662	C
7663	C
7664	C
7665	Si
7666	Q
7667	C
7668	C
7669	C
7670	C
7671	C
7672	C
7673	Si
7674	Q
7675	C
7676	C
7677	C
7678	C
7679	C
7680	C
7681	Si
7682	Q
7683	C
7684	C
7685	C
7686	C
7687	C
7688	C
7689	Si
7690	Q
7691	C
7692	C
7693	C
7694	C
7695	C
7696	C
7697	Si
7698	Q
7699	C
7700	C
7701	C
7702	C
7703	C
7704	C
7705	Si
7706	Q
7707	C
7708	C
7709	C
7710	C
7711	C
7712	C
7713	Si
7714	Q
7715	C
7716	C
7717	C
7718	C
7719	C
7720	C
7721	Si
7722	Q
7723	C
7724	C
7725	C
7726	C
7727	C
7728	C
7729	Si
7730	Q
7731	C
7732	C
7733	C
7734	C
7735	C
7736	C
7737	Si
7738	Q
7739	C
7740	C
7741	C
7742	C
7743	C
7744	C
7745	Si
7746	Q
7747	C
7748	C
7749	C
7750	C
7751	C
7752	C
7753	Si
7754	Q
7755	C
7756	C
7757	C
7758	C
7759	C
7760	C
7761	Si
7762	Q
7763	C
7764	C
7765	C
7766	C
7767	C
7768	C
7769	Si
7770	Q
7771	C
7772	C
7773	C
7774	C
7775	C
7776	C
7777	Si
7778	Q
7779	C
7780	C
7781	C
7782	C
7783	C
7784	C
7785	Si
7786	Q
7787	C
7788	C
7789	C
7790	C
7791	C
7792	C
7793	Si
7794	Q
7795	C
7796	C
7797	C
7798	C
7799	C
7800	C
7801	Si
7802	Q
7803	C
7804	C
7805	C
7806	C
7807	C
7808	C
7809	Si
7810	Q
7811	C
7812	C
7813	C
7814	C
7815	C
7816	C
7817	Si
7818	Q
7819	C
7820	C
7821	C
7822	C
7823	C
7824	C
7825	Si
7826	Q
7827	C
7828	C
7829	C
7830	C
7831	C
7832	C
7833	Si
7834	Q
7835	C
7836	C
7837	C
7838	C
7839	C
7840	C
7841	Si
7842	Q
7843	C
7844	C
7845	C
7846	C
7847	C
7848	C
7849	Si
7850	Q
7851	C
7852	C
7853	C
7854	C
7855	C
7856	C
7857	Si
7858	Q
7859	C
7860	C
7861	C
7862	C
7863	C
7864	C
7865	Si
7866	Q
7867	C
7868	C
7869	C
7870	C
7871	C
7872	C
7873	Si
7874	Q
7875	C
7876	C
7877	C
7878	C
7879	C
7880	C
7881	Si
7882	Q
7883	C
7884	C
7885	C
7886	C
7887	C
7888	C
7889	Si
7890	Q
7891	C
7892	C
7893	C
7894	C
7895	C
7896	C
7897	Si
7898	Q
7899	C
7900	C
7901	C
7902	C
7903	C
7904	C
7905	Si
7906	Q
7907	C
7908	C
7909	C
7910	C
7911	C
7912	C
7913	Si
7914	Q
7915	C
7916	C
7917	C
7918	C
7919	C
7920	C
7921	Si
7922	Q
7923	C
7924	C
7925	C
7926	C
7927	C
7928	C
7929	Si
7930	Q
7931	C
7932	C
7933	C
7934	C
7935	C
7936	C
7937	Si
7938	Q
7939	C
7940	C
7941	C
7942	C
7943	C
7944	C
7945	Si
7946	Q
7947	C
7948	C
7949	C
7950	C
7951	C
7952	C
7953	Si
7954	Q
7955	C
7956	C
7957	C
7958	C
7959	C
7960	C
7961	Si
7962	Q
7963	C
7964	C
7965	C
7966	C
7967	C
7968	C
7969	Si
7970	Q
7971	C
7972	C
7973	C
7974	C
7975	C
7976	C
7977	Si
7978	Q
7979	C
7980	C
7981	C
7982	C
7983	C
7984	C
7985	Si
7986	Q
7987	C
7988	C
7989	C
7990	C
7991	C
7992	C
7993	Si
7994	Q
7995	C
7996	C
7997	C
7998	C
7999	C
8000	C
8001	Si
8002	Q
8003	C
8004	C
8005	C
8006	C
8007	C
8008	C
8009	Si
8010	Q
8011	C
8012	C
8013	C
8014	C
8015	C
8016	C
8017	Si
8018	Q
8019	C
8020	C
8021	C
8022	C
8023	C
8024	C
8025	Si
8026	Q
8027	C
8028	C
8029	C
8030	C
8031	C
8032	C
8033	Si
8034	Q
8035	C
8036	C
8037	C
8038	C
8039	C
8040	C
8041	Si
8042	Q
8043	C
8044	C
8045	C
8046	C
8047	C
8048	C
8049	Si
8050	Q
8051	C
8052	C
8053	C
8054	C
8055	C
8056	C
8057	Si
8058	Q
8059	C
8060	C
8061	C
8062	C
8063	C
8064	C
8065	Si
8066	Q
8067	C
8068	C
8069	C
8070	C
8071	C
8072	C
8073	Si
8074	Q
8075	C
8076	C
8077	C
8078	C
8079	C
8080	C
8081	Si
8082	Q
8083	C
8084	C
8085	C
8086	C
8087	C
8088	C
8089	Si
8090	Q
8091	C
8092	C
8093	C
8094	C
8095	C
8096	C
8097	Si
8098	Q
8099	C
8100	C
8101	C
8102	C
8103	C
8104	C
8105	Si
8106	Q
8107	C
8108	C
8109	C
8110	C
8111	C
8112	C
8113	Si
8114	Q
8115	C
8116	C
8117	C
8118	C
8119	C
8120	C
8121	Si
8122	Q
8123	C
8124	C
8125	C
8126	C
8127	C
8128	C
8129	Si
8130	Q
8131	C
8132	C
8133	C
8134	C
8135	C
8136	C
8137	Si
8138	Q
8139	C
8140	C
8141	C
8142	C
8143	C
8144	C
8145	Si
8146	Q
8147	C
8148	C
8149	C
8150	C
8151	C
8152	C
8153	Si
8154	Q
8155	C
8156	C
8157	C
8158	C
8159	C
8160	C
8161	Si
8162	Q
8163	C
8164	C
8165	C
8166	C
8167	C
8168	C
8169	Si
8170	Q
8171	C
8172	C
8173	C
8174	C
8175	C
8176	C
8177	Si
8178	Q
8179	C
8180	C
8181	C
8182	C
8183	C
8184	C
8185	Si
8186	Q
8187	C
8188	C
8189	C
8190	C
8191	C
8192	C
8193	Si
8194	Q
8195	C
8196	C
8197	C
8198	C
8199	C
8200	C
8201	Si
8202	Q
8203	C
8204	C
8205	C
8206	C
8207	C
8208	C
8209	Si
8210	Q
8211	C
8212	C
8213	C
8214	C
8215	C
8216	C
8217	Si
8218	Q
8219	C
8220	C
8221	C
8222	C
8223	C
8224	C
8225	Si
8226	Q
8227	C
8228	C
8229	C
8230	C
8231	C
8232	C
8233	Si
8234	Q
8235	C
8236	C
8237	C
8238	C
8239	C
8240	C
8241	Si
8242	Q
8243	C
8244	C
8245	C
8246	C
8247	C
8248	C
8249	Si
8250	Q
8251	C
8252	C
8253	C
8254	C
8255	C
8256	C
8257	Si
8258	Q
8259	C
8260	C
8261	C
8262	C
8263	C
8264	C
8265	Si
8266	Q
8267	C
8268	C
8269	C
8270	C
8271	C
8272	C
8273	Si
8274	Q
8275	C
8276	C
8277	C
8278	C
8279	C
8280	C
8281	Si
8282	Q
8283	C
8284	C
8285	C
8286	C
8287	C
8288	C
8289	Si
8290	Q
8291	C
8292	C
8293	C
8294	C
8295	C
8296	C
8297	Si
8298	Q
8299	C
8300	C
8301	C
8302	C
8303	C
8304	C
8305	Si
8306	Q
8307	C
8308	C
8309	C
8310	C
8311	C
8312	C
8313	Si
8314	Q
8315	C
8316	C
8317	C
8318	C
8319	C
8320	C
8321	Si
8322	Q
8323	C
8324	C
8325	C
8326	C
8327	C
8328	C
8329	Si
8330	Q
8331	C
8332	C
8333	C
8334	C
8335	C
8336	C
8337	Si
8338	Q
8339	C
8340	C
8341	C
8342	C
8343	C
8344	C
8345	Si
8346	Q
8347	C
8348	C
8349	C
8350	C
8351	C
8352	C
8353	Si
8354	Q
8355	C
8356	C
8357	C
8358	C
8359	C
8360	C
8361	Si
8362	Q
8363	C
8364	C
8365	C
8366	C
8367	C
8368	C
8369	Si
8370	Q
8371	C
8372	C
8373	C
8374	C
8375	C
8376	C
8377	Si
8378	Q
8379	C
8380	C
8381	C
8382	C
8383	C
8384	C
8385	Si
8386	Q
8387	C
8388	C
8389	C
8390	C
8391	C
8392	C
8393	Si
8394	Q
8395	C
8396	C
8397	C
8398	C
8399	C
8400	C
8401	Si
8402	Q
8403	C
8404	C
8405	C
8406	C
8407	C
8408	C
8409	Si
8410	Q
8411	C
8412	C
8413	C
8414	C
8415	C
8416	C
8417	Si
8418	Q
8419	C
8420	C
8421	C
8422	C
8423	C
8424	C
8425	Si
8426	Q
8427	C
8428	C
8429	C
8430	C
8431	C
8432	C
8433	Si
8434	Q
8435	C
8436	C
8437	C
8438	C
8439	C
8440	C
8441	Si
8442	Q
8443	C
8444	C
8445	C
8446	C
8447	C
8448	C
8449	Si
8450	Q
8451	C
8452	C
8453	C
8454	C
8455	C
8456	C
8457	Si
8458	Q
8459	C
8460	C
8461	C
8462	C
8463	C
8464	C
8465	Si
8466	Q
8467	C
8468	C
8469	C
8470	C
8471	C
8472	C
8473	Si
8474	Q
8475	C
8476	C
8477	C
8478	C
8479	C
8480	C
8481	Si
8482	Q
8483	C
8484	C
8485	C
8486	C
8487	C
8488	C
8489	Si
8490	Q
8491	C
8492	C
8493	C
8494	C
8495	C
8496	C
8497	Si
8498	Q
8499	C
8500	C
8501	C
8502	C
8503	C
8504	C
8505	Si
8506	Q
8507	C
8508	C
8509	C
8510	C
8511	C
8512	C
8513	Si
8514	Q
8515	C
8516	C
8517	C
8518	C
8519	C
8520	C
8521	Si
8522	Q
8523	C
8524	C
8525	C
8526	C
8527	C
8528	C
8529	Si
8530	Q
8531	C
8532	C
8533	C
8534	C
8535	C
8536	C
8537	Si
8538	Q
8539	C
8540	C
8541	C
8542	C
8543	C
8544	C
8545	Si
8546	Q
8547	C
8548	C
8549	C
8550	C
8551	C
8552	C
8553	Si
8554	Q
8555	C
8556	C
8557	C
8558	C
8559	C
8560	C
8561	Si
8562	Q
8563	C
8564	C
8565	C
8566	C
8567	C
8568	C
8569	Si
8570	Q
8571	C
8572	C
8573	C
8574	C
8575	C
8576	C
8577	Si
8578	Q
8579	C
8580	C
8581	C
8582	C
8583	C
8584	C
8585	Si
8586	Q
8587	C
8588	C
8589	C
8590	C
8591	C
8592	C
8593	Si
8594	Q
8595	C
8596	C
8597	C
8598	C
8599	C
8600	C
8601	Si
8602	Q
8603	C
8604	C
8605	C
8606	C
8607	C
8608	C
8609	Si
8610	Q
8611	C
8612	C
8613	C
8614	C
8615	C
8616	C
8617	Si
8618	Q
8619	C
8620	C
8621	C
8622	C
8623	C
8624	C
8625	Si
8626	Q
8627	C
8628	C
8629	C
8630	C
8631	C
8632	C
8633	Si
8634	Q
8635	C
8636	C
8637	C
8638	C
8639	C
8640	C
8641	Si
8642	Q
8643	C
8644	C
8645	C
8646	C
8647	C
8648	C
8649	Si
8650	Q
8651	C
8652	C
8653	C
8654	C
8655	C
8656	C
8657	Si
8658	Q
8659	C
8660	C
8661	C
8662	C
8663	C
8664	C
8665	Si
8666	Q
8667	C
8668	C
8669	C
8670	C
8671	C
8672	C
8673	Si
8674	Q
8675	C
8676	C
8677	C
8678	C
8679	C
8680	C
8681	Si
8682	Q
8683	C
8684	C
8685	C
8686	C
8687	C
8688	C
8689	Si
8690	Q
8691	C
8692	C
8693	C
8694	C
8695	C
8696	C
8697	Si
8698	Q
8699	C
8700	C
8701	C
8702	C
8703	C
8704	C
8705	Si
8706	Q
8707	C
8708	C
8709	C
8710	C
8711	C
8712	C
8713	Si
8714	Q
8715	C
8716	C
8717	C
8718	C
8719	C
8720	C
8721	Si
8722	Q
8723	C
8724	C
8725	C
8726	C
8727	C
8728	C
8729	Si
8730	Q
8731	C
8732	C
8733	C
8734	C
8735	C
8736	C
8737	Si
8738	Q
8739	C
8740	C
8741	C
8742	C
8743	C
8744	C
8745	Si
8746	Q
8747	C
8748	C
8749	C
8750	C
8751	C
8752	C
8753	Si
8754	Q
8755	C
8756	C
8757	C
8758	C
8759	C
8760	C
8761	Si
8762	Q
8763	C
8764	C
8765	C
8766	C
8767	C
8768	C
8769	Si
8770	Q
8771	C
8772	C
8773	C
8774	C
8775	C
8776	C
8777	Si
8778	Q
8779	C
8780	C
8781	C
8782	C
8783	C
8784	C
8785	Si
8786	Q
8787	C
8788	C
8789	C
8790	C
8791	C
8792	C
8793	Si
8794	Q
8795	C
8796	C
8797	C
8798	C
8799	C
8800	C
8801	Si
8802	Q
8803	C
8804	C
8805	C
8806	C
8807	C
8808	C
8809	Si
8810	Q
8811	C
8812	C
8813	C
8814	C
8815	C
8816	C
8817	Si
8818	Q
8819	C
8820	C
8821	C
8822	C
8823	C
8824	C
8825	Si
8826	Q
8827	C
8828	C
8829	C
8830	C
8831	C
8832	C
8833	Si
8834	Q
8835	C
8836	C
8837	C
8838	C
8839	C
8840	C
8841	Si
8842	Q
8843	C
8844	C
8845	C
8846	C
8847	C
8848	C
8849	Si
8850	Q
8851	C
8852	C
8853	C
8854	C
8855	C
8856	C
8857	Si
8858	Q
8859	C
8860	C
8861	C
8862	C
8863	C
8864	C
8865	Si
8866	Q
8867	C
8868	C
8869	C
8870	C
8871	C
8872	C
8873	Si
8874	Q
8875	C
8876	C
8877	C
8878	C
8879	C
8880	C
8881	Si
8882	Q
8883	C
8884	C
8885	C
8886	C
8887	C
8888	C
8889	Si
8890	Q
8891	C
8892	C
8893	C
8894	C
8895	C
8896	C
8897	Si
8898	Q
8899	C
8900	C
8901	C
8902	C
8903	C
8904	C
8905	Si
8906	Q
8907	C
8908	C
8909	C
8910	C
8911	C
8912	C
8913	Si
8914	Q
8915	C
8916	C
8917	C
8918	C
8919	C
8920	C
8921	Si
8922	Q
8923	C
8924	C
8925	C
8926	C
8927	C
8928	C
8929	Si
8930	Q
8931	C
8932	C
8933	C
8934	C
8935	C
8936	C
8937	Si
8938	Q
8939	C
8940	C
8941	C
8942	C
8943	C
8944	C
8945	Si
8946	Q
8947	C
8948	C
8949	C
8950	C
8951	C
8952	C
8953	Si
8954	Q
8955	C
8956	C
8957	C
8958	C
8959	C
8960	C
8961	Si
8962	Q
8963	C
8964	C
8965	C
8966	C
8967	C
8968	C
8969	Si
8970	Q
8971	C
8972	C
8973	C
8974	C
8975	C
8976	C
8977	Si
8978	Q
8979	C
8980	C
8981	C
8982	C
8983	C
8984	C
8985	Si
8986	Q
8987	C
8988	C
8989	C
8990	C
8991	C
8992	C
8993	Si
8994	Q
8995	C
8996	C
8997	C
8998	C
8999	C
9000	C
9001	Si
9002	Q
9003	C
9004	C
9005	C
9006	C
9007	C
9008	C
9009	Si
9010	Q
9011	C
9012	C
9013	C
9014	C
9015	C
9016	C
9017	Si
9018	Q
9019	C
9020	C
9021	C
9022	C
9023	C
9024	C
9025	Si
9026	Q
9027	C
9028	C
9029	C
9030	C
9031	C
9032	C
9033	Si
9034	Q
9035	C
9036	C
9037	C
9038	C
9039	C
9040	C
9041	Si
9042	Q
9043	C
9044	C
9045	C
9046	C
9047	C
9048	C
9049	Si
9050	Q
9051	C
9052	C
9053	C
9054	C
9055	C
9056	C
9057	Si
9058	Q
9059	C
9060	C
9061	C
9062	C
9063	C
9064	C
9065	Si
9066	Q
9067	C
9068	C
9069	C
9070	C
9071	C
9072	C
9073	Si
9074	Q
9075	C
9076	C
9077	C
9078	C
9079	C
9080	C
9081	Si
9082	Q
9083	C
9084	C
9085	C
9086	C
9087	C
9088	C
9089	Si
9090	Q
9091	C
9092	C
9093	C
9094	C
9095	C
9096	C
9097	Si
9098	Q
9099	C
9100	C
9101	C
9102	C
9103	C
9104	C
9105	Si
9106	Q
9107	C
9108	C
9109	C
9110	C
9111	C
9112	C
9113	Si
9114	Q
9115	C
9116	C
9117	C
9118	C
9119	C
9120	C
9121	Si
9122	Q
9123	C
9124	C
9125	C
9126	C
9127	C
9128	C
9129	Si
9130	Q
9131	C
9132	C
9133	C
9134	C
9135	C
9136	C
9137	Si
9138	Q
9139	C
9140	C
9141	C
9142	C
9143	C
9144	C
9145	Si
9146	Q
9147	C
9148	C
9149	C
9150	C
9151	C
9152	C
9153	Si
9154	Q
9155	C
9156	C
9157	C
9158	C
9159	C
9160	C
9161	Si
9162	Q
9163	C
9164	C
9165	C
9166	C
9167	C
9168	C
9169	Si
9170	Q
9171	C
9172	C
9173	C
9174	C
9175	C
9176	C
9177	Si
9178	Q
9179	C
9180	C
9181	C
9182	C
9183	C
9184	C
9185	Si
9186	Q
9187	C
9188	C
9189	C
9190	C
9191	C
9192	C
9193	Si
9194	Q
9195	C
9196	C
9197	C
9198	C
9199	C
9200	C
9201	Si
9202	Q
9203	C
9204	C
9205	C
9206	C
9207	C
9208	C
9209	Si
9210	Q
9211	C
9212	C
9213	C
9214	C
9215	C
9216	C
9217	Si
9218	Q
9219	C
9220	C
9221	C
9222	C
9223	C
9224	C
9225	Si
9226	Q
9227	C
9228	C
9229	C
9230	C
9231	C
9232	C
9233	Si
9234	Q
9235	C
9236	C
9237	C
9238	C
9239	C
9240	C
9241	Si
9242	Q
9243	C
9244	C
9245	C
9246	C
9247	C
9248	C
9249	Si
9250	Q
9251	C
9252	C
9253	C
9254	C
9255	C
9256	C
9257	Si
9258	Q
9259	C
9260	C
9261	C
9262	C
9263	C
9264	C
9265	Si
9266	Q
9267	C
9268	C
9269	C
9270	C
9271	C
9272	C
9273	Si
9274	Q
9275	C
9276	C
9277	C
9278	C
9279	C
9280	C
9281	Si
9282	Q
9283	C
9284	C
9285	C
9286	C
9287	C
9288	C
9289	Si
9290	Q
9291	C
9292	C
9293	C
9294	C
9295	C
9296	C
9297	Si
9298	Q
9299	C
9300	C
9301	C
9302	C
9303	C
9304	C
9305	Si
9306	Q
9307	C
9308	C
9309	C
9310	C
9311	C
9312	C
9313	Si
9314	Q
9315	C
9316	C
9317	C
9318	C
9319	C
9320	C
9321	Si
9322	Q
9323	C
9324	C
9325	C
9326	C
9327	C
9328	C
9329	Si
9330	Q
9331	C
9332	C
9333	C
9334	C
9335	C
9336	C
9337	Si
9338	Q
9339	C
9340	C
9341	C
9342	C
9343	C
9344	C
9345	Si
9346	Q
9347	C
9348	C
9349	C
9350	C
9351	C
9352	C
9353	Si
9354	Q
9355	C
9356	C
9357	C
9358	C
9359	C
9360	C
9361	Si
9362	Q
9363	C
9364	C
9365	C
9366	C
9367	C
9368	C
9369	Si
9370	Q
9371	C
9372	C
9373	C
9374	C
9375	C
9376	C
9377	Si
9378	Q
9379	C
9380	C
9381	C
9382	C
9383	C
9384	C
9385	Si
9386	Q
9387	C
9388	C
9389	C
9390	C
9391	C
9392	C
9393	Si
9394	Q
9395	C
9396	C
9397	C
9398	C
9399	C
9400	C
9401	Si
9402	Q
9403	C
9404	C
9405	C
9406	C
9407	C
9408	C
9409	Si
9410	Q
9411	C
9412	C
9413	C
9414	C
9415	C
9416	C
9417	Si
9418	Q
9419	C
9420	C
9421	C
9422	C
9423	C
9424	C
9425	Si
9426	Q
9427	C
9428	C
9429	C
9430	C
9431	C
9432	C
9433	Si
9434	Q
9435	C
9436	C
9437	C
9438	C
9439	C
9440	C
9441	Si
9442	Q
9443	C
9444	C
9445	C
9446	C
9447	C
9448	C
9449	Si
9450	Q
9451	C
9452	C
9453	C
9454	C
9455	C
9456	C
9457	Si
9458	Q
9459	C
9460	C
9461	C
9462	C
9463	C
9464	C
9465	Si
9466	Q
9467	C
9468	C
9469	C
9470	C
9471	C
9472	C
9473	Si
9474	Q
9475	C
9476	C
9477	C
9478	C
9479	C
9480	C
9481	Si
9482	Q
9483	C
9484	C
9485	C
9486	C
9487	C
9488	C
9489	Si
9490	Q
9491	C
9492	C
9493	C
9494	C
9495	C
9496	C
9497	Si
9498	Q
9499	C
9500	C
9501	C
9502	C
9503	C
9504	C
9505	Si
9506	Q
9507	C
9508	C
9509	C
9510	C
9511	C
9512	C
9513	Si
9514	Q
9515	C
9516	C
9517	C
9518	C
9519	C
9520	C
9521	Si
9522	Q
9523	C
9524	C
9525	C
9526	C
9527	C
9528	C
9529	Si
9530	Q
9531	C
9532	C
9533	C
9534	C
9535	C
9536	C
9537	Si
9538	Q
9539	C
9540	C
9541	C
9542	C
9543	C
9544	C
9545	Si
9546	Q
9547	C
9548	C
9549	C
9550	C
9551	C
9552	C
9553	Si
9554	Q
9555	C
9556	C
9557	C
9558	C
9559	C
9560	C
9561	Si
9562	Q
9563	C
9564	C
9565	C
9566	C
9567	C
9568	C
9569	Si
9570	Q
9571	C
9572	C
9573	C
9574	C
9575	C
9576	C
9577	Si
9578	Q
9579	C
9580	C
9581	C
9582	C
9583	C
9584	C
9585	Si
9586	Q
9587	C
9588	C
9589	C
9590	C
9591	C
9592	C
9593	Si
9594	Q
9595	C
9596	C
9597	C
9598	C
9599	C
9600	C
9601	Si
9602	Q
9603	C
9604	C
9605	C
9606	C
9607	C
9608	C
9609	Si
9610	Q
9611	C
9612	C
9613	C
9614	C
9615	C
9616	C
9617	Si
9618	Q
9619	C
9620	C
9621	C
9622	C
9623	C
9624	C
9625	Si
9626	Q
9627	C
9628	C
9629	C
9630	C
9631	C
9632	C
9633	Si
9634	Q
9635	C
9636	C
9637	C
9638	C
9639	C
9640	C
9641	Si
9642	Q
9643	C
9644	C
9645	C
9646	C
9647	C
9648	C
9649	Si
9650	Q
9651	C
9652	C
9653	C
9654	C
9655	C
9656	C
9657	Si
9658	Q
9659	C
9660	C
9661	C
9662	C
9663	C
9664	C
9665	Si
9666	Q
9667	C
9668	C
9669	C
9670	C
9671	C
9672	C
9673	Si
9674	Q
9675	C
9676	C
9677	C
9678	C
9679	C
9680	C
9681	Si
9682	Q
9683	C
9684	C
9685	C
9686	C
9687	C
9688	C
9689	Si
9690	Q
9691	C
9692	C
9693	C
9694	C
9695	C
9696	C
9697	Si
9698	Q
9699	C
9700	C
9701	C
9702	C
9703	C
9704	C
9705	Si
9706	Q
9707	C
9708	C
9709	C
9710	C
9711	C
9712	C
9713	Si
9714	Q
9715	C
9716	C
9717	C
9718	C
9719	C
9720	C
9721	Si
9722	Q
9723	C
9724	C
9725	C
9726	C
9727	C
9728	C
9729	Si
9730	Q
9731	C
9732	C
9733	C
9734	C
9735	C
9736	C
9737	Si
9738	Q
9739	C
9740	C
9741	C
9742	C
9743	C
9744	C
9745	Si
9746	Q
9747	C
9748	C
9749	C
9750	C
9751	C
9752	C
9753	Si
9754	Q
9755	C
9756	C
9757	C
9758	C
9759	C
9760	C
9761	Si
9762	Q
9763	C
9764	C
9765	C
9766	C
9767	C
9768	C
9769	Si
9770	Q
9771	C
9772	C
9773	C
9774	C
9775	C
9776	C
9777	Si
9778	Q
9779	C
9780	C
9781	C
9782	C
9783	C
9784	C
9785	Si
9786	Q
9787	C
9788	C
9789	C
9790	C
9791	C
9792	C
9793	Si
9794	Q
9795	C
9796	C
9797	C
9798	C
9799	C
9800	C
9801	Si
9802	Q
9803	C
9804	C
9805	C
9806	C
9807	C
9808	C
9809	Si
9810	Q
9811	C
9812	C
9813	C
9814	C
9815	C
9816	C
9817	Si
9818	Q
9819	C
9820	C
9821	C
9822	C
9823	C
9824	C
9825	Si
9826	Q
9827	C
9828	C
9829	C
9830	C
9831	C
9832	C
9833	Si
9834	Q
9835	C
9836	C
9837	C
9838	C
9839	C
9840	C
9841	Si
9842	Q
9843	C
9844	C
9845	C
9846	C
9847	C
9848	C
9849	Si
9850	Q
9851	C
9852	C
9853	C
9854	C
9855	C
9856	C
9857	Si
9858	Q
9859	C
9860	C
9861	C
9862	C
9863	C
9864	C
9865	Si
9866	Q
9867	C
9868	C
9869	C
9870	C
9871	C
9872	C
9873	Si
9874	Q
9875	C
9876	C
9877	C
9878	C
9879	C
9880	C
9881	Si
9882	Q
9883	C
9884	C
9885	C
9886	C
9887	C
9888	C
9889	Si
9890	Q
9891	C
9892	C
9893	C
9894	C
9895	C
9896	C
9897	Si
9898	Q
9899	C
9900	C
9901	C
9902	C
9903	C
9904	C
9905	Si
9906	Q
9907	C
9908	C
9909	C
9910	C
9911	C
9912	C
9913	Si
9914	Q
9915	C
9916	C
9917	C
9918	C
9919	C
9920	C
9921	Si
9922	Q
9923	C
9924	C
9925	C
9926	C
9927	C
9928	C
9929	Si
9930	Q
9931	C
9932	C
9933	C
9934	C
9935	C
9936	C
9937	Si
9938	Q
9939	C
9940	C
9941	C
9942	C
9943	C
9944	C
9945	Si
9946	Q
9947	C
9948	C
9949	C
9950	C
9951	C
9952	C
9953	Si
9954	Q
9955	C
9956	C
9957	C
9958	C
9959	C
9960	C
9961	Si
9962	Q
9963	C
9964	C
9965	C
9966	C
9967	C
9968	C
9969	Si
9970	Q
9971	C
9972	C
9973	C
9974	C
9975	C
9976	C
9977	Si
9978	Q
9979	C
9980	C
9981	C
9982	C
9983	C
9984	C
9985	Si
9986	Q
9987	C
9988	C
9989	C
9990	C
9991	C
9992	C
9993	Si
9994	Q
9995	C
9996	C
9997	C
9998	C
9999	C
10000	C
10001	Si
10002	Q
10003	C
10004	C
10005	C
10006	C
10007	C
10008	C
10009	Si
10010	Q
10011	C
10012	C
10013	C
10014	C
10015	C
10016	C
10017	Si
10018	Q
10019	C
10020	C
10021	C
10022	C
10023	C
10024	C
10025	Si
10026	Q
10027	C
10028	C
10029	C
10030	C
10031	C
10032	C
10033	Si
10034	Q
10035	C
10036	C
10037	C
10038	C
10039	C
10040	C
10041	Si
10042	Q
10043	C
10044	C
10045	C
10046	C
10047	C
10048	C
10049	Si
10050	Q
10051	C
10052	C
10053	C
10054	C
10055	C
10056	C
10057	Si
10058	Q
10059	C
10060	C
10061	C
10062	C
10063	C
10064	C
10065	Si
10066	Q
10067	C
10068	C
10069	C
10070	C
10071	C
10072	C
10073	Si
10074	Q
10075	C
10076	C
10077	C
10078	C
10079	C
10080	C
10081	Si
10082	Q
10083	C
10084	C
10085	C
10086	C
10087	C
10088	C
10089	Si
10090	Q
10091	C
10092	C
10093	C
10094	C
10095	C
10096	C
10097	Si
10098	Q
10099	C
10100	C
10101	C
10102	C
10103	C
10104	C
10105	Si
10106	Q
10107	C
10108	C
10109	C
10110	C
10111	C
10112	C
10113	Si
10114	Q
10115	C
10116	C
10117	C
10118	C
10119	C
10120	C
10121	Si
10122	Q
10123	C
10124	C
10125	C
10126	C
10127	C
10128	C
10129	Si
10130	Q
10131	C
10132	C
10133	C
10134	C
10135	C
10136	C
10137	Si
10138	Q
10139	C
10140	C
10141	C
10142	C
10143	C
10144	C
10145	Si
10146	Q
10147	C
10148	C
10149	C
10150	C
10151	C
10152	C
10153	Si
10154	Q
10155	C
10156	C
10157	C
10158	C
10159	C
10160	C
10161	Si
10162	Q
10163	C
10164	C
10165	C
10166	C
10167	C
10168	C
10169	Si
10170	Q
10171	C
10172	C
10173	C
10174	C
10175	C
10176	C
10177	Si
10178	Q
10179	C
10180	C
10181	C
10182	C
10183	C
10184	C
10185	Si
10186	Q
10187	C
10188	C
10189	C
10190	C
10191	C
10192	C
10193	Si
10194	Q
10195	C
10196	C
10197	C
10198	C
10199	C
10200	C
10201	Si
10202	Q
10203	C
10204	C
10205	C
10206	C
10207	C
10208	C
10209	Si
10210	Q
10211	C
10212	C
10213	C
10214	C
10215	C
10216	C
10217	Si
10218	Q
10219	C
10220	C
10221	C
10222	C
10223	C
10224	C
10225	Si
10226	Q
10227	C
10228	C
10229	C
10230	C
10231	C
10232	C
10233	Si
10234	Q
10235	C
10236	C
10237	C
10238	C
10239	C
10240	C
10241	Si
10242	Q
10243	C
10244	C
10245	C
10246	C
10247	C
10248	C
10249	Si
10250	Q
10251	C
10252	C
10253	C
10254	C
10255	C
10256	C
10257	Si
10258	Q
10259	C
10260	C
10261	C
10262	C
10263	C
10264	C
10265	Si
10266	Q
10267	C
10268	C
10269	C
10270	C
10271	C
10272	C
10273	Si
10274	Q
10275	C
10276	C
10277	C
10278	C
10279	C
10280	C
10281	Si
10282	Q
10283	C
10284	C
10285	C
10286	C
10287	C
10288	C
10289	Si
10290	Q
10291	C
10292	C
10293	C
10294	C
10295	C
10296	C
10297	Si
10298	Q
10299	C
10300	C
10301	C
10302	C
10303	C
10304	C
10305	Si
10306	Q
10307	C
10308	C
10309	C
10310	C
10311	C
10312	C
10313	Si
10314	Q
10315	C
10316	C
10317	C
10318	C
10319	C
10320	C
10321	Si
10322	Q
10323	C
10324	C
10325	C
10326	C
10327	C
10328	C
10329	Si
10330	Q
10331	C
10332	C
10333	C
10334	C
10335	C
10336	C
10337	Si
10338	Q
10339	C
10340	C
10341	C
10342	C
10343	C
10344	C
10345	Si
10346	Q
10347	C
10348	C
10349	C
10350	C
10351	C
10352	C
10353	Si
10354	Q
10355	C
10356	C
10357	C
10358	C
10359	C
10360	C
10361	Si
10362	Q
10363	C
10364	C
10365	C
10366	C
10367	C
10368	C
10369	Si
10370	Q
10371	C
10372	C
10373	C
10374	C
10375	C
10376	C
10377	Si
10378	Q
10379	C
10380	C
10381	C
10382	C
10383	C
10384	C
10385	Si
10386	Q
10387	C
10388	C
10389	C
10390	C
10391	C
10392	C
10393	Si
10394	Q
10395	C
10396	C
10397	C
10398	C
10399	C
10400	C
10401	Si
10402	Q
10403	C
10404	C
10405	C
10406	C
10407	C
10408	C
10409	Si
10410	Q
10411	C
10412	C
10413	C
10414	C
10415	C
10416	C
10417	Si
10418	Q
10419	C
10420	C
10421	C
10422	C
10423	C
10424	C
10425	Si
10426	Q
10427	C
10428	C
10429	C
10430	C
10431	C
10432	C
10433	Si
10434	Q
10435	C
10436	C
10437	C
10438	C
10439	C
10440	C
10441	Si
10442	Q
10443	C
10444	C
10445	C
10446	C
10447	C
10448	C
10449	Si
10450	Q
10451	C
10452	C
10453	C
10454	C
10455	C
10456	C
10457	Si
10458	Q
10459	C
10460	C
10461	C
10462	C
10463	C
10464	C
10465	Si
10466	Q
10467	C
10468	C
10469	C
10470	C
10471	C
10472	C
10473	Si
10474	Q
10475	C
10476	C
10477	C
10478	C
10479	C
10480	C
10481	Si
10482	Q
10483	C
10484	C
10485	C
10486	C
10487	C
10488	C
10489	Si
10490	Q
10491	C
10492	C
10493	C
10494	C
10495	C
10496	C
10497	Si
10498	Q
10499	C
10500	C
10501	C
10502	C
10503	C
10504	C
10505	Si
10506	Q
10507	C
10508	C
10509	C
10510	C
10511	C
10512	C
10513	Si
10514	Q
10515	C
10516	C
10517	C
10518	C
10519	C
10520	C
10521	Si
10522	Q
10523	C
10524	C
10525	C
10526	C
10527	C
10528	C
10529	Si
10530	Q
10531	C
10532	C
10533	C
10534	C
10535	C
10536	C
10537	Si
10538	Q
10539	C
10540	C
10541	C
10542	C
10543	C
10544	C
10545	Si
10546	Q
10547	C
10548	C
10549	C
10550	C
10551	C
10552	C
10553	Si
10554	Q
10555	C
10556	C
10557	C
10558	C
10559	C
10560	C
10561	Si
10562	Q
10563	C
10564	C
10565	C
10566	C
10567	C
10568	C
10569	Si
10570	Q
10571	C
10572	C
10573	C
10574	C
10575	C
10576	C
10577	Si
10578	Q
10579	C
10580	C
10581	C
10582	C
10583	C
10584	C
10585	Si
10586	Q
10587	C
10588	C
10589	C
10590	C
10591	C
10592	C
10593	Si
10594	Q
10595	C
10596	C
10597	C
10598	C
10599	C
10600	C
10601	Si
10602	Q
10603	C
10604	C
10605	C
10606	C
10607	C
10608	C
10609	Si
10610	Q
10611	C
10612	C
10613	C
10614	C
10615	C
10616	C
10617	Si
10618	Q
10619	C
10620	C
10621	C
10622	C
10623	C
10624	C
10625	Si
10626	Q
10627	C
10628	C
10629	C
10630	C
10631	C
10632	C
10633	Si
10634	Q
10635	C
10636	C
10637	C
10638	C
10639	C
10640	C
10641	Si
10642	Q
10643	C
10644	C
10645	C
10646	C
10647	C
10648	C
10649	Si
10650	Q
10651	C
10652	C
10653	C
10654	C
10655	C
10656	C
10657	Si
10658	Q
10659	C
10660	C
10661	C
10662	C
10663	C
10664	C
10665	Si
10666	Q
10667	C
10668	C
10669	C
10670	C
10671	C
10672	C
10673	Si
10674	Q
10675	C
10676	C
10677	C
10678	C
10679	C
10680	C
10681	Si
10682	Q
10683	C
10684	C
10685	C
10686	C
10687	C
10688	C
10689	Si
10690	Q
10691	C
10692	C
10693	C
10694	C
10695	C
10696	C
10697	Si
10698	Q
10699	C
10700	C
10701	C
10702	C
10703	C
10704	C
10705	Si
10706	Q
10707	C
10708	C
10709	C
10710	C
10711	C
10712	C
10713	Si
10714	Q
10715	C
10716	C
10717	C
10718	C
10719	C
10720	C
10721	Si
10722	Q
10723	C
10724	C
10725	C
10726	C
10727	C
10728	C
10729	Si
10730	Q
10731	C
10732	C
10733	C
10734	C
10735	C
10736	C
10737	Si
10738	Q
10739	C
10740	C
10741	C
10742	C
10743	C
10744	C
10745	Si
10746	Q
10747	C
10748	C
10749	C
10750	C
10751	C
10752	C
10753	Si
10754	Q
10755	C
10756	C
10757	C
10758	C
10759	C
10760	C
10761	Si
10762	Q
10763	C
10764	C
10765	C
10766	C
10767	C
10768	C
10769	Si
10770	Q
10771	C
10772	C
10773	C
10774	C
10775	C
10776	C
10777	Si
10778	Q
10779	C
10780	C
10781	C
10782	C
10783	C
10784	C
10785	Si
10786	Q
10787	C
10788	C
10789	C
10790	C
10791	C
10792	C
10793	Si
10794	Q
10795	C
10796	C
10797	C
10798	C
10799	C
10800	C
10801	Si
10802	Q
10803	C
10804	C
10805	C
10806	C
10807	C
10808	C
10809	Si
10810	Q
10811	C
10812	C
10813	C
10814	C
10815	C
10816	C
10817	Si
10818	Q
10819	C
10820	C
10821	C
10822	C
10823	C
10824	C
10825	Si
10826	Q
10827	C
10828	C
10829	C
10830	C
10831	C
10832	C
10833	Si
10834	Q
10835	C
10836	C
10837	C
10838	C
10839	C
10840	C
10841	Si
10842	Q
10843	C
10844	C
10845	C
10846	C
10847	C
10848	C
10849	Si
10850	Q
10851	C
10852	C
10853	C
10854	C
10855	C
10856	C
10857	Si
10858	Q
10859	C
10860	C
10861	C
10862	C
10863	C
10864	C
10865	Si
10866	Q
10867	C
10868	C
10869	C
10870	C
10871	C
10872	C
10873	Si
10874	Q
10875	C
10876	C
10877	C
10878	C
10879	C
10880	C
10881	Si
10882	Q
10883	C
10884	C
10885	C
10886	C
10887	C
10888	C
10889	Si
10890	Q
10891	C
10892	C
10893	C
10894	C
10895	C
10896	C
10897	Si
10898	Q
10899	C
10900	C
10901	C
10902	C
10903	C
10904	C
10905	Si
10906	Q
10907	C
10908	C
10909	C
10910	C
10911	C
10912	C
10913	Si
10914	Q
10915	C
10916	C
10917	C
10918	C
10919	C
10920	C
10921	Si
10922	Q
10923	C
10924	C
10925	C
10926	C
10927	C
10928	C
10929	Si
10930	Q
10931	C
10932	C
10933	C
10934	C
10935	C
10936	C
10937	Si
10938	Q
10939	C
10940	C
10941	C
10942	C
10943	C
10944	C
10945	Si
10946	Q
10947	C
10948	C
10949	C
10950	C
10951	C
10952	C
10953	Si
10954	Q
10955	C
10956	C
10957	C
10958	C
10959	C
10960	C
10961	Si
10962	Q
10963	C
10964	C
10965	C
10966	C
10967	C
10968	C
10969	Si
10970	Q
10971	C
10972	C
10973	C
10974	C
10975	C
10976	C
10977	Si
10978	Q
10979	C
10980	C
10981	C
10982	C
10983	C
10984	C
10985	Si
10986	Q
10987	C
10988	C
10989	C
10990	C
10991	C
10992	C
10993	Si
10994	Q
10995	C
10996	C
10997	C
10998	C
10999	C
11000	C
11001	Si
11002	Q
11003	C
11004	C
11005	C
11006	C
11007	C
11008	C
11009	Si
11010	Q
11011	C
11012	C
11013	C
11014	C
11015	C
11016	C
11017	Si
11018	Q
11019	C
11020	C
11021	C
11022	C
11023	C
11024	C
11025	Si
11026	Q
11027	C
11028	C
11029	C
11030	C
11031	C
11032	C
11033	Si
11034	Q
11035	C
11036	C
11037	C
11038	C
11039	C
11040	C
11041	Si
11042	Q
11043	C
11044	C
11045	C
11046	C
11047	C
11048	C
11049	Si
11050	Q
11051	C
11052	C
11053	C
11054	C
11055	C
11056	C
11057	Si
11058	Q
11059	C
11060	C
11061	C
11062	C
11063	C
11064	C
11065	Si
11066	Q
11067	C
11068	C
11069	C
11070	C
11071	C
11072	C
11073	Si
11074	Q
11075	C
11076	C
11077	C
11078	C
11079	C
11080	C
11081	Si
11082	Q
11083	C
11084	C
11085	C
11086	C
11087	C
11088	C
11089	Si
11090	Q
11091	C
11092	C
11093	C
11094	C
11095	C
11096	C
11097	Si
11098	Q
11099	C
11100	C
11101	C
11102	C
11103	C
11104	C
11105	Si
11106	Q
11107	C
11108	C
11109	C
11110	C
11111	C
11112	C
11113	Si
11114	Q
11115	C
11116	C
11117	C
11118	C
11119	C
11120	C
11121	Si
11122	Q
11123	C
11124	C
11125	C
11126	C
11127	C
11128	C
11129	Si
11130	Q
11131	C
11132	C
11133	C
11134	C
11135	C
11136	C
11137	Si
11138	Q
11139	C
11140	C
11141	C
11142	C
11143	C
11144	C
11145	Si
11146	Q
11147	C
11148	C
11149	C
11150	C
11151	C
11152	C
11153	Si
11154	Q
11155	C
11156	C
11157	C
11158	C
11159	C
11160	C
11161	Si
11162	Q
11163	C
11164	C
11165	C
11166	C
11167	C
11168	C
11169	Si
11170	Q
11171	C
11172	C
11173	C
11174	C
11175	C
11176	C
11177	Si
11178	Q
11179	C
11180	C
11181	C
11182	C
11183	C
11184	C
11185	Si
11186	Q
11187	C
11188	C
11189	C
11190	C
11191	C
11192	C
11193	Si
11194	Q
11195	C
11196	C
11197	C
11198	C
11199	C
11200	C
11201	Si
11202	Q
11203	C
11204	C
11205	C
11206	C
11207	C
11208	C
11209	Si
11210	Q
11211	C
11212	C
11213	C
11214	C
11215	C
11216	C
11217	Si
11218	Q
11219	C
11220	C
11221	C
11222	C
11223	C
11224	C
11225	Si
11226	Q
11227	C
11228	C
11229	C
11230	C
11231	C
11232	C
11233	Si
11234	Q
11235	C
11236	C
11237	C
11238	C
11239	C
11240	C
11241	Si
11242	Q
11243	C
11244	C
11245	C
11246	C
11247	C
11248	C
11249	Si
